artist,album,release_date,track_name,track_number,duration_ms,duration_minutes,release_year
Aaliyah,Ultimate Aaliyah,2005-05-10,One In A Million,1,273026,4.55,2005.0
Aaliyah,Ultimate Aaliyah,2005-05-10,If Your Girl Only Knew,2,292173,4.87,2005.0
Aaliyah,Ultimate Aaliyah,2005-05-10,Hot Like Fire,3,264733,4.41,2005.0
Aaliyah,Ultimate Aaliyah,2005-05-10,The One I Gave My Heart To,4,271800,4.53,2005.0
Aaliyah,Ultimate Aaliyah,2005-05-10,Got To Give It Up (feat. Slick Rick),5,282026,4.7,2005.0
Aaliyah,Ultimate Aaliyah,2005-05-10,4 Page Letter,6,293640,4.89,2005.0
Aaliyah,Ultimate Aaliyah,2005-05-10,We Need A Resolution (feat. Timbaland),7,243600,4.06,2005.0
Aaliyah,Ultimate Aaliyah,2005-05-10,Rock The Boat,8,275560,4.59,2005.0
Aaliyah,Ultimate Aaliyah,2005-05-10,More Than A Woman,9,230466,3.84,2005.0
Aaliyah,Ultimate Aaliyah,2005-05-10,I Care 4 U,10,276133,4.6,2005.0
Aaliyah,Ultimate Aaliyah,2005-05-10,Try Again,11,286373,4.77,2005.0
Aaliyah,Ultimate Aaliyah,2005-05-10,Back & Forth,12,231733,3.86,2005.0
Aaliyah,Ultimate Aaliyah,2005-05-10,Are You That Somebody?,13,267626,4.46,2005.0
Aaliyah,Ultimate Aaliyah,2005-05-10,Don't Know What To Tell Ya,14,303866,5.06,2005.0
Aaliyah,Ultimate Aaliyah,2005-05-10,Miss You,15,247173,4.12,2005.0
Aaliyah,Ultimate Aaliyah,2005-05-10,At Your Best (You Are Love),16,290560,4.84,2005.0
Aaliyah,Ultimate Aaliyah,2005-05-10,Are You Feelin' Me?,1,192226,3.2,2005.0
Aaliyah,Ultimate Aaliyah,2005-05-10,Messed Up,2,216373,3.61,2005.0
Aaliyah,Ultimate Aaliyah,2005-05-10,Come Back in One Piece (feat. DMX),3,260200,4.34,2005.0
Aaliyah,Ultimate Aaliyah,2005-05-10,I Don't Wanna,4,256560,4.28,2005.0
Aaliyah,Ultimate Aaliyah,2005-05-10,Man Undercover,5,284106,4.74,2005.0
Aaliyah,Ultimate Aaliyah,2005-05-10,John Blaze,6,242133,4.04,2005.0
Aaliyah,Ultimate Aaliyah,2005-05-10,I Am Music,7,241466,4.02,2005.0
Aaliyah,Ultimate Aaliyah,2005-05-10,More Than a Woman - Bump N Flex Club Mix,8,330333,5.51,2005.0
Aaliyah,Ultimate Aaliyah,2005-05-10,Hold On (feat. Wyclef Jean),9,304666,5.08,2005.0
Aaliyah,I Care 4 U,2002-12-10,Don't Know What to Tell Ya,6,301906,5.03,2002.0
Aaliyah,I Care 4 U,2002-12-10,All I Need,8,188200,3.14,2002.0
Aaliyah,I Care 4 U,2002-12-10,Don't Worry,10,231933,3.87,2002.0
Aaliyah,I Care 4 U,2002-12-10,Come Over (feat. Tank),11,235106,3.92,2002.0
Aaliyah,I Care 4 U,2002-12-10,Erica Kane,12,277666,4.63,2002.0
Aaliyah,I Care 4 U,2002-12-10,Got To Give It Up (Remix),14,237866,3.96,2002.0
Aaliyah,Aaliyah,2001-07-07,Loose Rap (feat. Static Major),2,229800,3.83,2001.0
Aaliyah,Aaliyah,2001-07-07,Never No More,5,238266,3.97,2001.0
Aaliyah,Aaliyah,2001-07-07,Extra Smooth,7,234600,3.91,2001.0
Aaliyah,Aaliyah,2001-07-07,Read Between The Lines,8,260560,4.34,2001.0
Aaliyah,Aaliyah,2001-07-07,U Got Nerve,9,222706,3.71,2001.0
Aaliyah,Aaliyah,2001-07-07,I Refuse,10,357026,5.95,2001.0
Aaliyah,Aaliyah,2001-07-07,It's Whatever,11,248373,4.14,2001.0
Aaliyah,Aaliyah,2001-07-07,I Can Be,12,179293,2.99,2001.0
Aaliyah,Aaliyah,2001-07-07,Those Were The Days,13,204106,3.4,2001.0
Aaliyah,Aaliyah,2001-07-07,What If,14,259959,4.33,2001.0
Aaliyah,One In A Million,1996-08-13,Beats 4 Da Streets (Intro),1,130773,2.18,1996.0
Aaliyah,One In A Million,1996-08-13,A Girl Like You (feat. Treach),4,262706,4.38,1996.0
Aaliyah,One In A Million,1996-08-13,Choosey Lover (Old School / New School),6,427866,7.13,1996.0
Aaliyah,One In A Million,1996-08-13,Everything's Gonna Be Alright,9,289666,4.83,1996.0
Aaliyah,One In A Million,1996-08-13,Giving You More,10,265626,4.43,1996.0
Aaliyah,One In A Million,1996-08-13,I Gotcha' Back,11,173573,2.89,1996.0
Aaliyah,One In A Million,1996-08-13,Never Givin' Up (feat. Tavarius Polk),12,311693,5.19,1996.0
Aaliyah,One In A Million,1996-08-13,Heartbroken,13,259066,4.32,1996.0
Aaliyah,One In A Million,1996-08-13,Never Comin' Back,14,246066,4.1,1996.0
Aaliyah,One In A Million,1996-08-13,Ladies In Da House (feat. Missy Elliott & Timbaland),15,260840,4.35,1996.0
Aaliyah,One In A Million,1996-08-13,Came To Give Love (Outro) [feat. Timbaland],17,100293,1.67,1996.0
Aaliyah,One In A Million,1996-08-13,Hot Like Fire (Timbaland's Groove Mix) [feat. Missy Elliott & Timbaland] - Bonus,18,275425,4.59,1996.0
Aaliyah,Age Ain't Nothing But A Number,1994-05-22,Intro,1,90360,1.51,1994.0
Aaliyah,Age Ain't Nothing But A Number,1994-05-22,Throw Your Hands Up,2,214093,3.57,1994.0
Aaliyah,Age Ain't Nothing But A Number,1994-05-22,Age Ain't Nothing But a Number,4,253960,4.23,1994.0
Aaliyah,Age Ain't Nothing But A Number,1994-05-22,Down with the Clique,5,204333,3.41,1994.0
Aaliyah,Age Ain't Nothing But A Number,1994-05-22,No One Knows How to Love Me Quite Like You Do,7,247493,4.12,1994.0
Aaliyah,Age Ain't Nothing But A Number,1994-05-22,I'm So into You,8,205693,3.43,1994.0
Aaliyah,Age Ain't Nothing But A Number,1994-05-22,Street Thing,9,298600,4.98,1994.0
Aaliyah,Age Ain't Nothing But A Number,1994-05-22,Young Nation,10,280493,4.67,1994.0
Aaliyah,Age Ain't Nothing But A Number,1994-05-22,Old School,11,197400,3.29,1994.0
Aaliyah,Age Ain't Nothing But A Number,1994-05-22,I'm Down,12,196026,3.27,1994.0
Aaliyah,Age Ain't Nothing But A Number,1994-05-22,Back & Forth - Mr. Lee & R. Kelly's Remix,13,227093,3.78,1994.0
TLC,CrazySexyCool (30th Anniversary Edition),2024-11-15,Intro-Iude,1,63304,1.06,2024.0
TLC,CrazySexyCool (30th Anniversary Edition),2024-11-15,Creep,2,268533,4.48,2024.0
TLC,CrazySexyCool (30th Anniversary Edition),2024-11-15,Kick Your Game,3,254133,4.24,2024.0
TLC,CrazySexyCool (30th Anniversary Edition),2024-11-15,Diggin' On You,4,254560,4.24,2024.0
TLC,CrazySexyCool (30th Anniversary Edition),2024-11-15,Case of the Fake People,5,244600,4.08,2024.0
TLC,CrazySexyCool (30th Anniversary Edition),2024-11-15,CrazySexyCool-Interlude,6,102173,1.7,2024.0
TLC,CrazySexyCool (30th Anniversary Edition),2024-11-15,Red Light Special,7,303960,5.07,2024.0
TLC,CrazySexyCool (30th Anniversary Edition),2024-11-15,Waterfalls,8,280496,4.67,2024.0
TLC,CrazySexyCool (30th Anniversary Edition),2024-11-15,Intermission-lude,9,42693,0.71,2024.0
TLC,CrazySexyCool (30th Anniversary Edition),2024-11-15,Let's Do it Again,10,256493,4.27,2024.0
TLC,CrazySexyCool (30th Anniversary Edition),2024-11-15,If I Was Your Girlfriend,11,276733,4.61,2024.0
TLC,CrazySexyCool (30th Anniversary Edition),2024-11-15,Sexy-Interlude,12,94866,1.58,2024.0
TLC,CrazySexyCool (30th Anniversary Edition),2024-11-15,Take Our Time,13,274000,4.57,2024.0
TLC,CrazySexyCool (30th Anniversary Edition),2024-11-15,Can I Get a Witness-Interlude,14,177066,2.95,2024.0
TLC,CrazySexyCool (30th Anniversary Edition),2024-11-15,Switch,15,210533,3.51,2024.0
TLC,CrazySexyCool (30th Anniversary Edition),2024-11-15,Sumthin' Wicked This Way Comes,16,268200,4.47,2024.0
TLC,CrazySexyCool (30th Anniversary Edition),2024-11-15,Creep - Pessto Radio Remix,17,188274,3.14,2024.0
TLC,CrazySexyCool (30th Anniversary Edition),2024-11-15,Waterfalls - DE SOFFER Official Remix,18,237966,3.97,2024.0
TLC,TLC,2017-06-30,No Introduction,1,182703,3.05,2017.0
TLC,TLC,2017-06-30,Way Back,2,226804,3.78,2017.0
TLC,TLC,2017-06-30,It's Sunny,3,203495,3.39,2017.0
TLC,TLC,2017-06-30,Haters,4,160400,2.67,2017.0
TLC,TLC,2017-06-30,Perfect Girls,5,185317,3.09,2017.0
TLC,TLC,2017-06-30,Interlude,6,71433,1.19,2017.0
TLC,TLC,2017-06-30,Start a Fire,7,242980,4.05,2017.0
TLC,TLC,2017-06-30,American Gold,8,218980,3.65,2017.0
TLC,TLC,2017-06-30,Scandalous,9,212536,3.54,2017.0
TLC,TLC,2017-06-30,Aye Muthafucka,10,196141,3.27,2017.0
TLC,TLC,2017-06-30,Joy Ride,11,258048,4.3,2017.0
TLC,TLC,2017-06-30,Way Back (Extended Version),12,266222,4.44,2017.0
TLC,3D,2002-10-10,3D Intro,1,144960,2.42,2002.0
TLC,3D,2002-10-10,Quickie,2,259240,4.32,2002.0
TLC,3D,2002-10-10,Girl Talk - Radio Mix,3,214760,3.58,2002.0
TLC,3D,2002-10-10,Turntable,4,205466,3.42,2002.0
TLC,3D,2002-10-10,In Your Arms Tonight,5,264640,4.41,2002.0
TLC,3D,2002-10-10,Over Me,6,257200,4.29,2002.0
TLC,3D,2002-10-10,Hands Up,7,228693,3.81,2002.0
TLC,3D,2002-10-10,Damaged,8,231373,3.86,2002.0
TLC,3D,2002-10-10,"Dirty, Dirty",9,220026,3.67,2002.0
TLC,3D,2002-10-10,So So Dumb,10,245733,4.1,2002.0
TLC,3D,2002-10-10,Good Love,11,252306,4.21,2002.0
TLC,3D,2002-10-10,Hey Hey Hey Hey,12,245266,4.09,2002.0
TLC,3D,2002-10-10,Give It to Me While It's Hot,13,208026,3.47,2002.0
TLC,Fanmail,1999-02-23,FanMail,1,239333,3.99,1999.0
TLC,Fanmail,1999-02-23,The Vic-E Interpretation - Interlude - Dirty Version,2,18973,0.32,1999.0
TLC,Fanmail,1999-02-23,Silly Ho,3,255160,4.25,1999.0
TLC,Fanmail,1999-02-23,Whispering Playa - Interlude,4,52066,0.87,1999.0
TLC,Fanmail,1999-02-23,No Scrubs,5,214440,3.57,1999.0
TLC,Fanmail,1999-02-23,I'm Good at Being Bad,6,277693,4.63,1999.0
TLC,Fanmail,1999-02-23,If They Knew,7,244200,4.07,1999.0
TLC,Fanmail,1999-02-23,I Miss You So Much,8,296600,4.94,1999.0
TLC,Fanmail,1999-02-23,Unpretty,9,278000,4.63,1999.0
TLC,Fanmail,1999-02-23,My Life,10,241800,4.03,1999.0
TLC,Fanmail,1999-02-23,Shout,11,237640,3.96,1999.0
TLC,Fanmail,1999-02-23,Come On Down,12,257266,4.29,1999.0
TLC,Fanmail,1999-02-23,Dear Lie,13,310760,5.18,1999.0
TLC,Fanmail,1999-02-23,Communicate - Interlude,14,51733,0.86,1999.0
TLC,Fanmail,1999-02-23,Lovesick,15,232933,3.88,1999.0
TLC,Fanmail,1999-02-23,Automatic,16,271400,4.52,1999.0
TLC,Fanmail,1999-02-23,Don't Pull Out on Me Yet,17,273533,4.56,1999.0
TLC,Ooooooohhh... On The TLC Tip,1992-02-25,Intro,1,30866,0.51,1992.0
TLC,Ooooooohhh... On The TLC Tip,1992-02-25,Ain't 2 Proud 2 Beg,2,336560,5.61,1992.0
TLC,Ooooooohhh... On The TLC Tip,1992-02-25,Shock Dat Monkey,3,308573,5.14,1992.0
TLC,Ooooooohhh... On The TLC Tip,1992-02-25,Intermission I,4,19199,0.32,1992.0
TLC,Ooooooohhh... On The TLC Tip,1992-02-25,Hat 2 da Back,5,256426,4.27,1992.0
TLC,Ooooooohhh... On The TLC Tip,1992-02-25,Das Da Way We Like 'Em,6,301733,5.03,1992.0
TLC,Ooooooohhh... On The TLC Tip,1992-02-25,What About Your Friends,7,293600,4.89,1992.0
TLC,Ooooooohhh... On The TLC Tip,1992-02-25,His Story,8,263000,4.38,1992.0
TLC,Ooooooohhh... On The TLC Tip,1992-02-25,Intermission II,9,59666,0.99,1992.0
TLC,Ooooooohhh... On The TLC Tip,1992-02-25,Bad By Myself,10,235933,3.93,1992.0
TLC,Ooooooohhh... On The TLC Tip,1992-02-25,Somethin' You Wanna Know,11,342440,5.71,1992.0
TLC,Ooooooohhh... On The TLC Tip,1992-02-25,Baby-Baby-Baby,12,315040,5.25,1992.0
TLC,Ooooooohhh... On The TLC Tip,1992-02-25,This Is How It Should Be Done,13,267933,4.47,1992.0
TLC,Ooooooohhh... On The TLC Tip,1992-02-25,Depend on Myself,14,251066,4.18,1992.0
TLC,Ooooooohhh... On The TLC Tip,1992-02-25,Conclusion,15,49000,0.82,1992.0
Destiny's Child,Destiny's Child: The Untold Story Presents Girls Tyme,2026-03-06,God Bless the Child (Intro),1,74698,1.24,2026.0
Destiny's Child,Destiny's Child: The Untold Story Presents Girls Tyme,2026-03-06,I Wanna Be Where You Are,2,243095,4.05,2026.0
Destiny's Child,Destiny's Child: The Untold Story Presents Girls Tyme,2026-03-06,Sunshine,3,291085,4.85,2026.0
Destiny's Child,Destiny's Child: The Untold Story Presents Girls Tyme,2026-03-06,Say It Ain't So,4,233964,3.9,2026.0
Destiny's Child,Destiny's Child: The Untold Story Presents Girls Tyme,2026-03-06,Boy I Want You,5,220078,3.67,2026.0
Destiny's Child,Destiny's Child: The Untold Story Presents Girls Tyme,2026-03-06,Girls Tyme Fun,6,228000,3.8,2026.0
Destiny's Child,Destiny's Child: The Untold Story Presents Girls Tyme,2026-03-06,632-5792,7,268794,4.48,2026.0
Destiny's Child,Destiny's Child: The Untold Story Presents Girls Tyme,2026-03-06,Boyfriend,8,259924,4.33,2026.0
Destiny's Child,Destiny's Child: The Untold Story Presents Girls Tyme,2026-03-06,Teacher Fried My Brain,9,255233,4.25,2026.0
Destiny's Child,Destiny's Child: The Untold Story Presents Girls Tyme,2026-03-06,When I Laid My Eyes On You,10,185016,3.08,2026.0
Destiny's Child,Destiny's Child: The Untold Story Presents Girls Tyme,2026-03-06,In My City,11,247431,4.12,2026.0
Destiny's Child,Destiny's Child: The Untold Story Presents Girls Tyme,2026-03-06,Hip House,12,201049,3.35,2026.0
Destiny's Child,Destiny's Child: The Untold Story Presents Girls Tyme,2026-03-06,Blue Velvet,13,232571,3.88,2026.0
Destiny's Child,Destiny's Child: The Untold Story Presents Girls Tyme,2026-03-06,Take Em 2 Another Level,14,210419,3.51,2026.0
Destiny's Child,Destiny's Child: The Untold Story Presents Girls Tyme,2026-03-06,Talking 'Bout My Baby,15,205357,3.42,2026.0
Destiny's Child,Destiny Fulfilled,2004-11-16,Lose My Breath,1,242013,4.03,2004.0
Destiny's Child,Destiny Fulfilled,2004-11-16,Soldier (feat. T.I. & Lil' Wayne),2,325573,5.43,2004.0
Destiny's Child,Destiny Fulfilled,2004-11-16,Cater 2 U,3,245400,4.09,2004.0
Destiny's Child,Destiny Fulfilled,2004-11-16,T-Shirt,4,280200,4.67,2004.0
Destiny's Child,Destiny Fulfilled,2004-11-16,Is She The Reason,5,286773,4.78,2004.0
Destiny's Child,Destiny Fulfilled,2004-11-16,Girl,6,224146,3.74,2004.0
Destiny's Child,Destiny Fulfilled,2004-11-16,Bad Habit,7,234706,3.91,2004.0
Destiny's Child,Destiny Fulfilled,2004-11-16,If,8,255880,4.26,2004.0
Destiny's Child,Destiny Fulfilled,2004-11-16,Free,9,291706,4.86,2004.0
Destiny's Child,Destiny Fulfilled,2004-11-16,Through With Love,10,215493,3.59,2004.0
Destiny's Child,Destiny Fulfilled,2004-11-16,Love,11,270146,4.5,2004.0
Destiny's Child,8 Days of Christmas (Deluxe Version),2001-10-30,Home For The Holidays,1,190200,3.17,2001.0
Destiny's Child,8 Days of Christmas (Deluxe Version),2001-10-30,Rudolph The Red-Nosed Reindeer - Single Version,2,151200,2.52,2001.0
Destiny's Child,8 Days of Christmas (Deluxe Version),2001-10-30,8 Days of Christmas,3,209373,3.49,2001.0
Destiny's Child,8 Days of Christmas (Deluxe Version),2001-10-30,Winter Paradise,4,216200,3.6,2001.0
Destiny's Child,8 Days of Christmas (Deluxe Version),2001-10-30,"A ""DC"" Christmas Medley",5,239360,3.99,2001.0
Destiny's Child,8 Days of Christmas (Deluxe Version),2001-10-30,Silent Night (feat. Beyoncé Knowles),6,221360,3.69,2001.0
Destiny's Child,8 Days of Christmas (Deluxe Version),2001-10-30,Little Drummer Boy (feat. Solange),7,216066,3.6,2001.0
Destiny's Child,8 Days of Christmas (Deluxe Version),2001-10-30,Do You Hear What I Hear? (feat. Kelly Rowland),8,227160,3.79,2001.0
Destiny's Child,8 Days of Christmas (Deluxe Version),2001-10-30,White Christmas,9,103000,1.72,2001.0
Destiny's Child,8 Days of Christmas (Deluxe Version),2001-10-30,Platinum Bells,10,85000,1.42,2001.0
Destiny's Child,8 Days of Christmas (Deluxe Version),2001-10-30,O' Holy Night (feat. Michelle Williams),11,263666,4.39,2001.0
Destiny's Child,8 Days of Christmas (Deluxe Version),2001-10-30,Spread a Little Love On Christmas Day,12,221133,3.69,2001.0
Destiny's Child,8 Days of Christmas (Deluxe Version),2001-10-30,This Christmas,13,218160,3.64,2001.0
Destiny's Child,8 Days of Christmas (Deluxe Version),2001-10-30,Carol of the Bells a.k.a Opera of the Bells,14,274973,4.58,2001.0
Destiny's Child,Survivor,2001-05-01,"Independent Women, Pt. 1",1,221626,3.69,2001.0
Destiny's Child,Survivor,2001-05-01,Survivor,2,254040,4.23,2001.0
Destiny's Child,Survivor,2001-05-01,Bootylicious,3,207733,3.46,2001.0
Destiny's Child,Survivor,2001-05-01,Nasty Girl,4,257826,4.3,2001.0
Destiny's Child,Survivor,2001-05-01,Fancy,5,252973,4.22,2001.0
Destiny's Child,Survivor,2001-05-01,Apple Pie À La Mode,6,178533,2.98,2001.0
Destiny's Child,Survivor,2001-05-01,Sexy Daddy,7,246826,4.11,2001.0
Destiny's Child,Survivor,2001-05-01,Perfect Man,8,221840,3.7,2001.0
Destiny's Child,Survivor,2001-05-01,Independent Women Pt. II,9,225933,3.77,2001.0
Destiny's Child,Survivor,2001-05-01,Happy Face,10,259866,4.33,2001.0
Destiny's Child,Survivor,2001-05-01,Dance With Me,11,223960,3.73,2001.0
Destiny's Child,Survivor,2001-05-01,My Heart Still Beats - Featuring Beyoncé,12,248106,4.14,2001.0
Destiny's Child,Survivor,2001-05-01,Emotion,13,236400,3.94,2001.0
Destiny's Child,Survivor,2001-05-01,Brown Eyes,14,276093,4.6,2001.0
Destiny's Child,Survivor,2001-05-01,Dangerously In Love,15,306306,5.11,2001.0
Destiny's Child,Survivor,2001-05-01,The Story Of Beauty,16,210200,3.5,2001.0
Destiny's Child,Survivor,2001-05-01,Gospel Medley,17,204840,3.41,2001.0
Destiny's Child,Survivor,2001-05-01,Outro (DC-3) Thank You,18,242933,4.05,2001.0
Destiny's Child,The Writing's On The Wall,1999-07-27,Intro (The Writing's On The Wall),1,125466,2.09,1999.0
Destiny's Child,The Writing's On The Wall,1999-07-27,So Good,2,193933,3.23,1999.0
Destiny's Child,The Writing's On The Wall,1999-07-27,"Bills, Bills, Bills",3,256026,4.27,1999.0
Destiny's Child,The Writing's On The Wall,1999-07-27,"Confessions (feat. Missy ""Misdemeanor"" Elliott)",4,297333,4.96,1999.0
Destiny's Child,The Writing's On The Wall,1999-07-27,Bug a Boo,5,212440,3.54,1999.0
Destiny's Child,The Writing's On The Wall,1999-07-27,Temptation,6,245600,4.09,1999.0
Destiny's Child,The Writing's On The Wall,1999-07-27,Now That She's Gone,7,335466,5.59,1999.0
Destiny's Child,The Writing's On The Wall,1999-07-27,Where'd You Go,8,255266,4.25,1999.0
Destiny's Child,The Writing's On The Wall,1999-07-27,Hey Ladies,9,255933,4.27,1999.0
Destiny's Child,The Writing's On The Wall,1999-07-27,If You Leave (feat. Next),10,275160,4.59,1999.0
Destiny's Child,The Writing's On The Wall,1999-07-27,"Jumpin', Jumpin'",11,230200,3.84,1999.0
Destiny's Child,The Writing's On The Wall,1999-07-27,Say My Name,12,271333,4.52,1999.0
Destiny's Child,The Writing's On The Wall,1999-07-27,She Can't Love You,13,244866,4.08,1999.0
Destiny's Child,The Writing's On The Wall,1999-07-27,Stay,14,291240,4.85,1999.0
Destiny's Child,The Writing's On The Wall,1999-07-27,Sweet Sixteen,15,252733,4.21,1999.0
Destiny's Child,The Writing's On The Wall,1999-07-27,Outro (Amazing Grace...dedicated to Andretta Tillman),16,158426,2.64,1999.0
Destiny's Child,Destiny's Child,1998-02-17,Second Nature,1,308400,5.14,1998.0
Destiny's Child,Destiny's Child,1998-02-17,"No, No, No Pt. 2 (feat. Wyclef Jean)",2,207466,3.46,1998.0
Destiny's Child,Destiny's Child,1998-02-17,With Me Part I,3,206733,3.45,1998.0
Destiny's Child,Destiny's Child,1998-02-17,Tell Me,4,288066,4.8,1998.0
Destiny's Child,Destiny's Child,1998-02-17,Bridges,5,241840,4.03,1998.0
Destiny's Child,Destiny's Child,1998-02-17,"No, No, No, Pt. 1",6,247040,4.12,1998.0
Destiny's Child,Destiny's Child,1998-02-17,With Me Part II (featuring Master P),7,254333,4.24,1998.0
Destiny's Child,Destiny's Child,1998-02-17,Show Me The Way,8,257666,4.29,1998.0
Destiny's Child,Destiny's Child,1998-02-17,Killing Time,9,307160,5.12,1998.0
Destiny's Child,Destiny's Child,1998-02-17,Illusion,10,231373,3.86,1998.0
Destiny's Child,Destiny's Child,1998-02-17,Birthday,11,314800,5.25,1998.0
Destiny's Child,Destiny's Child,1998-02-17,Sail On,12,243706,4.06,1998.0
Destiny's Child,Destiny's Child,1998-02-17,My Time Has Come (Dedicated To Andretta Tillman),13,263106,4.39,1998.0
Usher,Confessions (20th Anniversary Edition),2024-11-01,Intro,1,46883,0.78,2024.0
Usher,Confessions (20th Anniversary Edition),2024-11-01,Yeah! (feat. Lil Jon & Ludacris),2,250182,4.17,2024.0
Usher,Confessions (20th Anniversary Edition),2024-11-01,Throwback (feat. Jadakiss),3,287111,4.79,2024.0
Usher,Confessions (20th Anniversary Edition),2024-11-01,Confessions,4,260625,4.34,2024.0
Usher,Confessions (20th Anniversary Edition),2024-11-01,Confessions Part II,5,211023,3.52,2024.0
Usher,Confessions (20th Anniversary Edition),2024-11-01,Burn,6,231933,3.87,2024.0
Usher,Confessions (20th Anniversary Edition),2024-11-01,Caught Up,7,224814,3.75,2024.0
Usher,Confessions (20th Anniversary Edition),2024-11-01,Superstar - Interlude,8,64684,1.08,2024.0
Usher,Confessions (20th Anniversary Edition),2024-11-01,Superstar,9,191340,3.19,2024.0
Usher,Confessions (20th Anniversary Edition),2024-11-01,Truth Hurts,10,218073,3.63,2024.0
Usher,Confessions (20th Anniversary Edition),2024-11-01,Simple Things,11,280403,4.67,2024.0
Usher,Confessions (20th Anniversary Edition),2024-11-01,Bad Girl,12,261861,4.36,2024.0
Usher,Confessions (20th Anniversary Edition),2024-11-01,That's What It's Made For,13,277828,4.63,2024.0
Usher,Confessions (20th Anniversary Edition),2024-11-01,Can U Handle It?,14,279360,4.66,2024.0
Usher,Confessions (20th Anniversary Edition),2024-11-01,Do It To Me,15,213932,3.57,2024.0
Usher,Confessions (20th Anniversary Edition),2024-11-01,Take Your Hand,16,165667,2.76,2024.0
Usher,Confessions (20th Anniversary Edition),2024-11-01,Follow Me,17,193553,3.23,2024.0
Usher,Confessions (20th Anniversary Edition),2024-11-01,My Boo,18,223219,3.72,2024.0
Usher,Confessions (20th Anniversary Edition),2024-11-01,Red Light,19,288517,4.81,2024.0
Usher,Confessions (20th Anniversary Edition),2024-11-01,Seduction,20,273508,4.56,2024.0
Usher,Confessions (20th Anniversary Edition),2024-11-01,"Confessions Part II Remix (feat. Shyne, Twista & Kanye West)",21,268933,4.48,2024.0
Usher,Confessions (20th Anniversary Edition),2024-11-01,Superstar - Orchestral Mix,22,206797,3.45,2024.0
Usher,Confessions (20th Anniversary Edition),2024-11-01,Burn - Orchestral Mix,23,230926,3.85,2024.0
Usher,COMING HOME (Expanded Edition),2024-02-09,Coming Home,1,195875,3.26,2024.0
Usher,COMING HOME (Expanded Edition),2024-02-09,Good Good,2,247100,4.12,2024.0
Usher,COMING HOME (Expanded Edition),2024-02-09,A-Town Girl,3,212575,3.54,2024.0
Usher,COMING HOME (Expanded Edition),2024-02-09,Cold Blooded,4,196290,3.27,2024.0
Usher,COMING HOME (Expanded Edition),2024-02-09,Kissing Strangers,5,188206,3.14,2024.0
Usher,COMING HOME (Expanded Edition),2024-02-09,Keep On Dancin',6,191541,3.19,2024.0
Usher,COMING HOME (Expanded Edition),2024-02-09,Risk It All - From the Original Motion Picture “The Color Purple”,7,201347,3.36,2024.0
Usher,COMING HOME (Expanded Edition),2024-02-09,Bop,8,222985,3.72,2024.0
Usher,COMING HOME (Expanded Edition),2024-02-09,Stone Kold Freak,9,214662,3.58,2024.0
Usher,COMING HOME (Expanded Edition),2024-02-09,Ruin,10,181646,3.03,2024.0
Usher,COMING HOME (Expanded Edition),2024-02-09,BIG,11,207845,3.46,2024.0
Usher,COMING HOME (Expanded Edition),2024-02-09,On The Side,12,183875,3.06,2024.0
Usher,COMING HOME (Expanded Edition),2024-02-09,I Am The Party,13,219463,3.66,2024.0
Usher,COMING HOME (Expanded Edition),2024-02-09,I Love U,14,197740,3.3,2024.0
Usher,COMING HOME (Expanded Edition),2024-02-09,Please U,15,178333,2.97,2024.0
Usher,COMING HOME (Expanded Edition),2024-02-09,Luckiest Man,16,201672,3.36,2024.0
Usher,COMING HOME (Expanded Edition),2024-02-09,Margiela,17,224526,3.74,2024.0
Usher,COMING HOME (Expanded Edition),2024-02-09,Room In A Room,18,137917,2.3,2024.0
Usher,COMING HOME (Expanded Edition),2024-02-09,One Of Them Ones,19,193532,3.23,2024.0
Usher,COMING HOME (Expanded Edition),2024-02-09,Standing Next to You - USHER Remix,20,214760,3.58,2024.0
Usher,COMING HOME (Expanded Edition),2024-02-09,Believe,21,211644,3.53,2024.0
Usher,COMING HOME (Expanded Edition),2024-02-09,Naked,22,282422,4.71,2024.0
Usher,My Way (25th Anniversary Edition),2022-09-16,You Make Me Wanna...,1,219400,3.66,2022.0
Usher,My Way (25th Anniversary Edition),2022-09-16,Just Like Me,2,207129,3.45,2022.0
Usher,My Way (25th Anniversary Edition),2022-09-16,Nice & Slow - Radio Version,3,228096,3.8,2022.0
Usher,My Way (25th Anniversary Edition),2022-09-16,Slow Jam (feat. Monica),4,283131,4.72,2022.0
Usher,My Way (25th Anniversary Edition),2022-09-16,My Way,5,214416,3.57,2022.0
Usher,My Way (25th Anniversary Edition),2022-09-16,Come Back,6,227372,3.79,2022.0
Usher,My Way (25th Anniversary Edition),2022-09-16,I Will,7,234680,3.91,2022.0
Usher,My Way (25th Anniversary Edition),2022-09-16,Bedtime,8,285307,4.76,2022.0
Usher,My Way (25th Anniversary Edition),2022-09-16,One Day You'll Be Mine,9,203972,3.4,2022.0
Usher,My Way (25th Anniversary Edition),2022-09-16,You Make Me Wanna... - Extended Version,10,320000,5.33,2022.0
Usher,My Way (25th Anniversary Edition),2022-09-16,You Make Me Wanna... - Ryan James Carr Remake,11,182028,3.03,2022.0
Usher,My Way (25th Anniversary Edition),2022-09-16,Nice & Slow - Ryan James Carr Remake,12,192064,3.2,2022.0
Usher,My Way (25th Anniversary Edition),2022-09-16,My Way - Ryan James Carr Remake,13,212022,3.53,2022.0
Usher,My Way (25th Anniversary Edition),2022-09-16,You Make Me Wanna... - Ryan James Carr Remake - Instrumental,14,182028,3.03,2022.0
Usher,My Way (25th Anniversary Edition),2022-09-16,Nice & Slow - Ryan James Carr Remake - Instrumental,15,192071,3.2,2022.0
Usher,My Way (25th Anniversary Edition),2022-09-16,My Way - Ryan James Carr Remake - Instrumental,16,212002,3.53,2022.0
Usher,"""A""",2018-10-12,Stay At Home (feat. Future),1,207608,3.46,2018.0
Usher,"""A""",2018-10-12,ATA,2,187322,3.12,2018.0
Usher,"""A""",2018-10-12,Peace Sign,3,178034,2.97,2018.0
Usher,"""A""",2018-10-12,You Decide,4,212918,3.55,2018.0
Usher,"""A""",2018-10-12,Birthday,5,204658,3.41,2018.0
Usher,"""A""",2018-10-12,She Ain't Tell Ya,6,201862,3.36,2018.0
Usher,"""A""",2018-10-12,Say What U Want,7,219380,3.66,2018.0
Usher,"""A""",2018-10-12,Gift Shop (feat. Gunna),8,221454,3.69,2018.0
Usher,Hard II Love,2016-09-16,Need U,1,248098,4.13,2016.0
Usher,Hard II Love,2016-09-16,Missin U,2,249127,4.15,2016.0
Usher,Hard II Love,2016-09-16,No Limit (feat. Young Thug),3,228606,3.81,2016.0
Usher,Hard II Love,2016-09-16,Bump,4,247245,4.12,2016.0
Usher,Hard II Love,2016-09-16,Let Me,5,189687,3.16,2016.0
Usher,Hard II Love,2016-09-16,Downtime,6,208552,3.48,2016.0
Usher,Hard II Love,2016-09-16,Crash,7,211375,3.52,2016.0
Usher,Hard II Love,2016-09-16,Make U A Believer,8,246811,4.11,2016.0
Usher,Hard II Love,2016-09-16,Mind Of A Man,9,53915,0.9,2016.0
Usher,Hard II Love,2016-09-16,FWM,10,194905,3.25,2016.0
Usher,Hard II Love,2016-09-16,Rivals (feat. Future),11,229779,3.83,2016.0
Usher,Hard II Love,2016-09-16,Tell Me,12,509415,8.49,2016.0
Usher,Hard II Love,2016-09-16,Hard II Love,13,202937,3.38,2016.0
Usher,Hard II Love,2016-09-16,Stronger,14,240484,4.01,2016.0
Usher,Hard II Love,2016-09-16,"Champions (from the Motion Picture ""Hands Of Stone"")",15,317511,5.29,2016.0
Usher,Looking 4 Myself (Expanded Edition),2012-06-12,Can't Stop Won't Stop,1,230820,3.85,2012.0
Usher,Looking 4 Myself (Expanded Edition),2012-06-12,Scream,2,234693,3.91,2012.0
Usher,Looking 4 Myself (Expanded Edition),2012-06-12,Climax,3,232905,3.88,2012.0
Usher,Looking 4 Myself (Expanded Edition),2012-06-12,I Care For U,4,247772,4.13,2012.0
Usher,Looking 4 Myself (Expanded Edition),2012-06-12,Show Me,5,223124,3.72,2012.0
Usher,Looking 4 Myself (Expanded Edition),2012-06-12,Lemme See (feat. Rick Ross),6,252825,4.21,2012.0
Usher,Looking 4 Myself (Expanded Edition),2012-06-12,Twisted (feat. Pharrell),7,223477,3.72,2012.0
Usher,Looking 4 Myself (Expanded Edition),2012-06-12,Dive,8,226570,3.78,2012.0
Usher,Looking 4 Myself (Expanded Edition),2012-06-12,What Happened To U,9,261515,4.36,2012.0
Usher,Looking 4 Myself (Expanded Edition),2012-06-12,Looking 4 Myself (feat. Luke Steele),10,251778,4.2,2012.0
Usher,Looking 4 Myself (Expanded Edition),2012-06-12,Numb,11,225523,3.76,2012.0
Usher,Looking 4 Myself (Expanded Edition),2012-06-12,Lessons For The Lover,12,307339,5.12,2012.0
Usher,Looking 4 Myself (Expanded Edition),2012-06-12,Sins Of My Father,13,236475,3.94,2012.0
Usher,Looking 4 Myself (Expanded Edition),2012-06-12,Euphoria,14,260448,4.34,2012.0
Usher,Looking 4 Myself (Expanded Edition),2012-06-12,I.F.U.,15,242276,4.04,2012.0
Usher,Looking 4 Myself (Expanded Edition),2012-06-12,Say The Words,16,241000,4.02,2012.0
Usher,Looking 4 Myself (Expanded Edition),2012-06-12,2nd Round,17,201950,3.37,2012.0
Usher,Looking 4 Myself (Expanded Edition),2012-06-12,Hot Thing (feat. A$AP Rocky),18,207184,3.45,2012.0
Usher,Versus,2010-08-24,Love 'Em All,1,228413,3.81,2010.0
Usher,Versus,2010-08-24,DJ Got Us Fallin' In Love (feat. Pitbull),2,220800,3.68,2010.0
Usher,Versus,2010-08-24,Hot Tottie (feat. JAY-Z),3,299333,4.99,2010.0
Usher,Versus,2010-08-24,Lay You Down,4,243800,4.06,2010.0
Usher,Versus,2010-08-24,Lingerie,5,253093,4.22,2010.0
Usher,Versus,2010-08-24,There Goes My Baby,6,281294,4.69,2010.0
Usher,Versus,2010-08-24,Get In My Car (feat. Bun B),7,249186,4.15,2010.0
Usher,Versus,2010-08-24,Somebody to Love (feat. Justin Bieber) - Remix,8,208626,3.48,2010.0
Usher,Versus,2010-08-24,Stranger,9,288106,4.8,2010.0
Usher,Raymond v Raymond (Expanded Edition),2010-03-30,Monstar,1,301520,5.03,2010.0
Usher,Raymond v Raymond (Expanded Edition),2010-03-30,Hey Daddy (Daddy's Home),2,224093,3.73,2010.0
Usher,Raymond v Raymond (Expanded Edition),2010-03-30,Lil Freak (feat. Nicki Minaj),4,234253,3.9,2010.0
Usher,Raymond v Raymond (Expanded Edition),2010-03-30,She Don't Know (feat. Ludacris),5,243133,4.05,2010.0
Usher,Raymond v Raymond (Expanded Edition),2010-03-30,OMG (feat. will.i.am),6,269493,4.49,2010.0
Usher,Raymond v Raymond (Expanded Edition),2010-03-30,Mars vs. Venus,7,262493,4.37,2010.0
Usher,Raymond v Raymond (Expanded Edition),2010-03-30,Pro Lover,8,302986,5.05,2010.0
Usher,Raymond v Raymond (Expanded Edition),2010-03-30,Foolin' Around,9,251120,4.19,2010.0
Usher,Raymond v Raymond (Expanded Edition),2010-03-30,Papers,10,261413,4.36,2010.0
Usher,Raymond v Raymond (Expanded Edition),2010-03-30,So Many Girls,11,276440,4.61,2010.0
Usher,Raymond v Raymond (Expanded Edition),2010-03-30,Guilty (feat. T.I.),12,224080,3.73,2010.0
Usher,Raymond v Raymond (Expanded Edition),2010-03-30,Okay,13,195133,3.25,2010.0
Usher,Raymond v Raymond (Expanded Edition),2010-03-30,Making Love (Into the Night),14,216240,3.6,2010.0
Usher,Here I Stand,2008-05-27,Love in This Club (feat. Young Jeezy),2,259719,4.33,2008.0
Usher,Here I Stand,2008-05-27,This Ain't Sex,3,264706,4.41,2008.0
Usher,Here I Stand,2008-05-27,Trading Places,4,268240,4.47,2008.0
Usher,Here I Stand,2008-05-27,Moving Mountains,5,298053,4.97,2008.0
Usher,Here I Stand,2008-05-27,What's Your Name (feat. will.i.am),6,238079,3.97,2008.0
Usher,Here I Stand,2008-05-27,Prayer for You Interlude,7,103173,1.72,2008.0
Usher,Here I Stand,2008-05-27,Something Special,8,237359,3.96,2008.0
Usher,Here I Stand,2008-05-27,Love You Gently,9,219400,3.66,2008.0
Usher,Here I Stand,2008-05-27,Best Thing (feat. JAY-Z),10,234679,3.91,2008.0
Usher,Here I Stand,2008-05-27,Before I Met You,11,296733,4.95,2008.0
Usher,Here I Stand,2008-05-27,His Mistakes,12,299173,4.99,2008.0
Usher,Here I Stand,2008-05-27,Appetite,13,238893,3.98,2008.0
Usher,Here I Stand,2008-05-27,What's a Man to Do,14,249719,4.16,2008.0
Usher,Here I Stand,2008-05-27,Lifetime,15,276759,4.61,2008.0
Usher,Here I Stand,2008-05-27,"Love in This Club, Pt. II (feat. Beyoncé & Lil' Wayne)",16,309026,5.15,2008.0
Usher,Here I Stand,2008-05-27,Here I Stand,17,250333,4.17,2008.0
Usher,Here I Stand,2008-05-27,Will Work for Love - f/k/a Hidden Bonus Track,18,196773,3.28,2008.0
Missy Elliott,The Cookbook,2005-07-04,Joy (feat. Mike Jones),1,289773,4.83,2005.0
Missy Elliott,The Cookbook,2005-07-04,Partytime,2,184160,3.07,2005.0
Missy Elliott,The Cookbook,2005-07-04,Irresistible Delicious (feat. Slick Rick),3,255853,4.26,2005.0
Missy Elliott,The Cookbook,2005-07-04,Lose Control (feat. Ciara & Fat Man Scoop),4,226863,3.78,2005.0
Missy Elliott,The Cookbook,2005-07-04,My Struggles (feat. Mary J. Blige & Grand Puba),5,172186,2.87,2005.0
Missy Elliott,The Cookbook,2005-07-04,Meltdown,6,256546,4.28,2005.0
Missy Elliott,The Cookbook,2005-07-04,On & On,7,285760,4.76,2005.0
Missy Elliott,The Cookbook,2005-07-04,We Run This - without Manicure Interlude,8,204461,3.41,2005.0
Missy Elliott,The Cookbook,2005-07-04,Remember When,9,258813,4.31,2005.0
Missy Elliott,The Cookbook,2005-07-04,4 My Man (feat. Fantasia),10,252560,4.21,2005.0
Missy Elliott,The Cookbook,2005-07-04,Can't Stop,11,229066,3.82,2005.0
Missy Elliott,The Cookbook,2005-07-04,Teary Eyed - without Mommy Interlude,12,210959,3.52,2005.0
Missy Elliott,The Cookbook,2005-07-04,Mommy - with Mommy Interlude,13,188213,3.14,2005.0
Missy Elliott,The Cookbook,2005-07-04,Click Clack,14,174653,2.91,2005.0
Missy Elliott,The Cookbook,2005-07-04,Time and Time Again,15,229693,3.83,2005.0
Missy Elliott,The Cookbook,2005-07-04,Bad Man (feat. Vybez Cartel & M.I.A.),16,312333,5.21,2005.0
Missy Elliott,This Is Not a Test!,2003-11-01,Baby Girl Interlude / Intro (feat. Mary J. Blige),1,133200,2.22,2003.0
Missy Elliott,This Is Not a Test!,2003-11-01,Bomb Intro / Pass That Dutch,2,217200,3.62,2003.0
Missy Elliott,This Is Not a Test!,2003-11-01,Wake Up (feat. Jay-Z),3,245133,4.09,2003.0
Missy Elliott,This Is Not a Test!,2003-11-01,Keep It Movin' (feat. Elephant Man),4,219426,3.66,2003.0
Missy Elliott,This Is Not a Test!,2003-11-01,Is This Our Last Time (feat. Fabolous),5,325866,5.43,2003.0
Missy Elliott,This Is Not a Test!,2003-11-01,Ragtime Interlude / I'm Really Hot,6,210706,3.51,2003.0
Missy Elliott,This Is Not a Test!,2003-11-01,Dats What I'm Talkin About (feat. R. Kelly),7,288533,4.81,2003.0
Missy Elliott,This Is Not a Test!,2003-11-01,Don't Be Cruel (feat. Monica and Beenie Man),8,273133,4.55,2003.0
Missy Elliott,This Is Not a Test!,2003-11-01,Toyz Interlude / Toyz,9,171800,2.86,2003.0
Missy Elliott,This Is Not a Test!,2003-11-01,Let It Bump,10,169866,2.83,2003.0
Missy Elliott,This Is Not a Test!,2003-11-01,Pump It Up (feat. Nelly),11,185426,3.09,2003.0
Missy Elliott,This Is Not a Test!,2003-11-01,It's Real,12,171733,2.86,2003.0
Missy Elliott,This Is Not a Test!,2003-11-01,Let Me Fix My Weave,13,238840,3.98,2003.0
Missy Elliott,This Is Not a Test!,2003-11-01,Spelling Bee Interlude / Spelling Bee,14,213826,3.56,2003.0
Missy Elliott,This Is Not a Test!,2003-11-01,I'm Not Perfect (feat. The Clark Sisters),15,229600,3.83,2003.0
Missy Elliott,This Is Not a Test!,2003-11-01,Outro (feat. Mary J. Blige),16,79240,1.32,2003.0
Missy Elliott,Under Construction,2002-11-12,Intro / Go to the Floor,1,306333,5.11,2002.0
Missy Elliott,Under Construction,2002-11-12,Bring the Pain (feat. Method Man),2,179493,2.99,2002.0
Missy Elliott,Under Construction,2002-11-12,Gossip Folks (feat. Ludacris),3,234893,3.91,2002.0
Missy Elliott,Under Construction,2002-11-12,Work It,4,263226,4.39,2002.0
Missy Elliott,Under Construction,2002-11-12,Back in the Day (feat. Jay-Z),5,295973,4.93,2002.0
Missy Elliott,Under Construction,2002-11-12,Funky Fresh Dressed (feat. Ms. Jade),6,236333,3.94,2002.0
Missy Elliott,Under Construction,2002-11-12,Pussycat,7,272333,4.54,2002.0
Missy Elliott,Under Construction,2002-11-12,Nothing out There for Me (feat. Beyoncé Knowles),8,185560,3.09,2002.0
Missy Elliott,Under Construction,2002-11-12,Slide,9,223733,3.73,2002.0
Missy Elliott,Under Construction,2002-11-12,Play That Beat,10,182906,3.05,2002.0
Missy Elliott,Under Construction,2002-11-12,Ain't That Funny,11,168026,2.8,2002.0
Missy Elliott,Under Construction,2002-11-12,Hot,12,248533,4.14,2002.0
Missy Elliott,Under Construction,2002-11-12,Can You Hear Me (feat. TLC) - Edit,13,266600,4.44,2002.0
Missy Elliott,Under Construction,2002-11-12,Work It (feat. 50 Cent) - Remix,14,304560,5.08,2002.0
Missy Elliott,Miss E... So Addictive,2001-05-14,"...So Addictive (Intro) [feat. Charlene ""Tweet"" Keys]",1,54066,0.9,2001.0
Missy Elliott,Miss E... So Addictive,2001-05-14,Dog in Heat (feat. Redman & Method Man),2,301733,5.03,2001.0
Missy Elliott,Miss E... So Addictive,2001-05-14,One Minute Man (feat. Ludacris),3,252986,4.22,2001.0
Missy Elliott,Miss E... So Addictive,2001-05-14,Lick Shots,4,230826,3.85,2001.0
Missy Elliott,Miss E... So Addictive,2001-05-14,Get Ur Freak On,5,211120,3.52,2001.0
Missy Elliott,Miss E... So Addictive,2001-05-14,Scream a.k.a. Itchin',6,239373,3.99,2001.0
Missy Elliott,Miss E... So Addictive,2001-05-14,Old School Joint,7,239680,3.99,2001.0
Missy Elliott,Miss E... So Addictive,2001-05-14,Take Away (feat. Ginuwine),8,299066,4.98,2001.0
Missy Elliott,Miss E... So Addictive,2001-05-14,4 My People (feat. Eve),9,289373,4.82,2001.0
Missy Elliott,Miss E... So Addictive,2001-05-14,Bus-A-Bus (feat. Busta Rhymes) - Interlude,10,70706,1.18,2001.0
Missy Elliott,Miss E... So Addictive,2001-05-14,Watcha Gonna Do (feat. Timbaland),11,194893,3.25,2001.0
Missy Elliott,Miss E... So Addictive,2001-05-14,Step Off,12,238106,3.97,2001.0
Missy Elliott,Miss E... So Addictive,2001-05-14,X-tasy,13,215333,3.59,2001.0
Missy Elliott,Miss E... So Addictive,2001-05-14,Slap! Slap! Slap! (feat. Da Brat & Jade),14,245466,4.09,2001.0
Missy Elliott,Miss E... So Addictive,2001-05-14,I've Changed (feat. Lil' Mo) - Interlude,15,65866,1.1,2001.0
Missy Elliott,Miss E... So Addictive,2001-05-14,One Minute Man (feat. Jay-Z) - Remix,16,275600,4.59,2001.0
Missy Elliott,Miss E... So Addictive,2001-05-14,Higher Ground - Prelude,17,106906,1.78,2001.0
Missy Elliott,Miss E... So Addictive,2001-05-14,"Higher Ground (feat. Yolanda Adams, Kim Burrell, Dorinda Clark, Karen Clark-Sheard & Mary Mary)",18,300506,5.01,2001.0
Missy Elliott,Da Real World,,Mysterious (Intro),1,64893,1.08,
Missy Elliott,Da Real World,,Beat Biters,2,263506,4.39,
Missy Elliott,Da Real World,,Busa Rhyme (feat. Eminem),3,300800,5.01,
Missy Elliott,Da Real World,,All N My Grill (feat. Big Boi of Outkast & Nicole),4,272000,4.53,
Missy Elliott,Da Real World,,Dangerous Mouths,5,208800,3.48,
Missy Elliott,Da Real World,,Hot Boyz,6,215466,3.59,
Missy Elliott,Da Real World,,You Don't Know,7,288253,4.8,
Missy Elliott,Da Real World,,Mr. DJ,8,270040,4.5,
Missy Elliott,Da Real World,,Checkin' for You,9,128840,2.15,
Missy Elliott,Da Real World,,Stickin' Chickens,10,294760,4.91,
Missy Elliott,Da Real World,,Smooth Chick,11,257973,4.3,
Missy Elliott,Da Real World,,We Did It,12,231026,3.85,
Missy Elliott,Da Real World,,Throw Up Your Hands (Interlude),13,78066,1.3,
Missy Elliott,Da Real World,,She's a Bitch,14,240880,4.01,
Missy Elliott,Da Real World,,U Can't Resist (feat. Juvenile & B.G.),15,276600,4.61,
Missy Elliott,Da Real World,,Crazy Feelings,16,274466,4.57,
Missy Elliott,Da Real World,,Religious Blessings - Outro,17,39200,0.65,
Missy Elliott,Supa Dupa Fly,,Busta's Intro (feat. Busta Rhymes),1,113600,1.89,
Missy Elliott,Supa Dupa Fly,,Hit 'Em wit da Hee (feat. Lil' Kim),2,259973,4.33,
Missy Elliott,Supa Dupa Fly,,Sock It 2 Me (feat. Da Brat),3,257466,4.29,
Missy Elliott,Supa Dupa Fly,,The Rain (Supa Dupa Fly),4,251000,4.18,
Missy Elliott,Supa Dupa Fly,,Beep Me 911 (feat. 702 & Magoo),5,297600,4.96,
Missy Elliott,Supa Dupa Fly,,They Don't Wanna Fuck wit Me (feat. Timbaland),6,198226,3.3,
Missy Elliott,Supa Dupa Fly,,Pass da Blunt (feat. Timbaland),7,197866,3.3,
Missy Elliott,Supa Dupa Fly,,Bite Our Style (Interlude),8,43866,0.73,
Missy Elliott,Supa Dupa Fly,,Friendly Skies (feat. Ginuwine),9,299866,5.0,
Missy Elliott,Supa Dupa Fly,,Best Friends (feat. Aaliyah),10,247173,4.12,
Missy Elliott,Supa Dupa Fly,,Don't Be Comin' (In My Face),11,251426,4.19,
Missy Elliott,Supa Dupa Fly,,Izzy Izzy Ahh,12,234000,3.9,
Missy Elliott,Supa Dupa Fly,,Why You Hurt Me,13,271173,4.52,
Missy Elliott,Supa Dupa Fly,,I'm Talkin',14,302333,5.04,
Missy Elliott,Supa Dupa Fly,,Gettaway (feat. Space & Nicole),15,265493,4.42,
Missy Elliott,Supa Dupa Fly,,Busta's Outro (feat. Busta Rhymes),16,98200,1.64,
Missy Elliott,Supa Dupa Fly,,Missy's Finale - Spoken Word,17,24373,0.41,
Brandy,Christmas With Brandy,2023-11-10,Feels Different,1,176361,2.94,2023.0
Brandy,Christmas With Brandy,2023-11-10,Somebody's Waiting,2,181720,3.03,2023.0
Brandy,Christmas With Brandy,2023-11-10,Christmas Party for Two,3,234481,3.91,2023.0
Brandy,Christmas With Brandy,2023-11-10,Have Yourself a Merry Little Christmas,4,212755,3.55,2023.0
Brandy,Christmas With Brandy,2023-11-10,Santa Baby,5,211004,3.52,2023.0
Brandy,Christmas With Brandy,2023-11-10,Christmas Gift (feat. Sy'Rai),6,252117,4.2,2023.0
Brandy,Christmas With Brandy,2023-11-10,Shine Out Your Light,7,157883,2.63,2023.0
Brandy,Christmas With Brandy,2023-11-10,The Christmas Song,8,190799,3.18,2023.0
Brandy,Christmas With Brandy,2023-11-10,Someday At Christmas,9,176156,2.94,2023.0
Brandy,Christmas With Brandy,2023-11-10,Jingle Bells,10,170807,2.85,2023.0
Brandy,Christmas With Brandy,2023-11-10,Deck The Halls,11,148751,2.48,2023.0
Brandy,Christmas With Brandy,2023-11-10,Christmas Everyday,12,206851,3.45,2023.0
Brandy,b7,2020-07-31,Saving All My Love,1,282821,4.71,2020.0
Brandy,b7,2020-07-31,Unconditional Oceans,2,232635,3.88,2020.0
Brandy,b7,2020-07-31,Rather Be,3,170068,2.83,2020.0
Brandy,b7,2020-07-31,"All My Life, Pt. 1",4,40896,0.68,2020.0
Brandy,b7,2020-07-31,Lucid Dreams,5,221492,3.69,2020.0
Brandy,b7,2020-07-31,Borderline,6,312459,5.21,2020.0
Brandy,b7,2020-07-31,No Tomorrow,7,181842,3.03,2020.0
Brandy,b7,2020-07-31,Say Something,8,184092,3.07,2020.0
Brandy,b7,2020-07-31,"All My Life, Pt. 2",9,40496,0.67,2020.0
Brandy,b7,2020-07-31,I Am More,10,195791,3.26,2020.0
Brandy,b7,2020-07-31,High Heels,11,158278,2.64,2020.0
Brandy,b7,2020-07-31,Baby Mama,12,194916,3.25,2020.0
Brandy,b7,2020-07-31,"All My Life, Pt. 3",13,39176,0.65,2020.0
Brandy,b7,2020-07-31,Love Again,14,214277,3.57,2020.0
Brandy,b7,2020-07-31,Bye BiPolar,15,287000,4.78,2020.0
Brandy,Two Eleven (Deluxe Version),2012-10-15,Intro,1,57226,0.95,2012.0
Brandy,Two Eleven (Deluxe Version),2012-10-15,Wildest Dreams,2,265986,4.43,2012.0
Brandy,Two Eleven (Deluxe Version),2012-10-15,So Sick,3,271280,4.52,2012.0
Brandy,Two Eleven (Deluxe Version),2012-10-15,Slower,4,177160,2.95,2012.0
Brandy,Two Eleven (Deluxe Version),2012-10-15,No Such Thing As Too Late,5,241666,4.03,2012.0
Brandy,Two Eleven (Deluxe Version),2012-10-15,Let Me Go,6,197280,3.29,2012.0
Brandy,Two Eleven (Deluxe Version),2012-10-15,Without You,7,252866,4.21,2012.0
Brandy,Two Eleven (Deluxe Version),2012-10-15,Put It Down (feat. Chris Brown),8,246213,4.1,2012.0
Brandy,Two Eleven (Deluxe Version),2012-10-15,Hardly Breathing,9,235213,3.92,2012.0
Brandy,Two Eleven (Deluxe Version),2012-10-15,Do You Know What You Have,10,208720,3.48,2012.0
Brandy,Two Eleven (Deluxe Version),2012-10-15,Scared Of Beautiful,11,226360,3.77,2012.0
Brandy,Two Eleven (Deluxe Version),2012-10-15,Wish Your Love Away,12,199600,3.33,2012.0
Brandy,Two Eleven (Deluxe Version),2012-10-15,Paint This House,13,239160,3.99,2012.0
Brandy,Two Eleven (Deluxe Version),2012-10-15,Can You Hear Me Now,14,300920,5.02,2012.0
Brandy,Two Eleven (Deluxe Version),2012-10-15,Music,15,259453,4.32,2012.0
Brandy,Two Eleven (Deluxe Version),2012-10-15,What You Need,16,188720,3.15,2012.0
Brandy,Two Eleven (Deluxe Version),2012-10-15,Outro,17,57293,0.95,2012.0
Brandy,A Family Business,2011-07-26,Family Business,1,281586,4.69,2011.0
Brandy,A Family Business,2011-07-26,Turnin' Me On,2,197733,3.3,2011.0
Brandy,A Family Business,2011-07-26,Talk To Me,3,292120,4.87,2011.0
Brandy,A Family Business,2011-07-26,My Family,4,202773,3.38,2011.0
Brandy,A Family Business,2011-07-26,Lifeguard,5,239826,4.0,2011.0
Brandy,A Family Business,2011-07-26,Ready to Roll (feat. TKO),6,256133,4.27,2011.0
Brandy,A Family Business,2011-07-26,"Sonja, Sonya, Sonia",7,179546,2.99,2011.0
Brandy,A Family Business,2011-07-26,Gone,8,263186,4.39,2011.0
Brandy,A Family Business,2011-07-26,I Don't Care,9,199613,3.33,2011.0
Brandy,A Family Business,2011-07-26,Home Grown,10,277960,4.63,2011.0
Brandy,A Family Business,2011-07-26,Epilogue,11,61453,1.02,2011.0
Brandy,Human,2008-12-09,Human Intro,1,19600,0.33,2008.0
Brandy,Human,2008-12-09,The Definition,2,222906,3.72,2008.0
Brandy,Human,2008-12-09,Warm It Up (With Love),3,239120,3.99,2008.0
Brandy,Human,2008-12-09,Right Here (Departed),4,218146,3.64,2008.0
Brandy,Human,2008-12-09,Piano Man,5,235720,3.93,2008.0
Brandy,Human,2008-12-09,Long Distance Interlude,6,60066,1.0,2008.0
Brandy,Human,2008-12-09,Long Distance,7,228693,3.81,2008.0
Brandy,Human,2008-12-09,Camouflage,8,241906,4.03,2008.0
Brandy,Human,2008-12-09,Torn Down,9,205240,3.42,2008.0
Brandy,Human,2008-12-09,Human,10,230720,3.85,2008.0
Brandy,Human,2008-12-09,Shattered Heart,11,229360,3.82,2008.0
Brandy,Human,2008-12-09,True,12,221813,3.7,2008.0
Brandy,Human,2008-12-09,A Capella (Something's Missing),13,211280,3.52,2008.0
Brandy,Human,2008-12-09,1st & Love,14,200320,3.34,2008.0
Brandy,Human,2008-12-09,Fall,15,263760,4.4,2008.0
Brandy,Human,2008-12-09,Gonna Find My Love,16,210066,3.5,2008.0
Brandy,Afrodisiac,,Who I Am,1,215693,3.59,
Brandy,Afrodisiac,,Afrodisiac,2,228320,3.81,
Brandy,Afrodisiac,,Who Is She 2 U - Recall Version,3,283280,4.72,
Brandy,Afrodisiac,,Talk About Our Love (feat. Kanye West),4,214960,3.58,
Brandy,Afrodisiac,,I Tried,5,285093,4.75,
Brandy,Afrodisiac,,Where You Wanna Be,6,212626,3.54,
Brandy,Afrodisiac,,Focus,7,247106,4.12,
Brandy,Afrodisiac,,Sadiddy,8,240186,4.0,
Brandy,Afrodisiac,,Turn It Up,9,252853,4.21,
Brandy,Afrodisiac,,Necessary,10,239773,4.0,
Brandy,Afrodisiac,,Say You Will,11,230506,3.84,
Brandy,Afrodisiac,,Come as You Are,12,224413,3.74,
Brandy,Afrodisiac,,Finally,13,233520,3.89,
Brandy,Afrodisiac,,How I Feel,14,281280,4.69,
Brandy,Afrodisiac,,Should I Go,15,297840,4.96,
Brandy,Full Moon,2002-03-05,B Rocka Intro,1,79760,1.33,2002.0
Brandy,Full Moon,2002-03-05,Full Moon,2,248933,4.15,2002.0
Brandy,Full Moon,2002-03-05,I Thought,3,269666,4.49,2002.0
Brandy,Full Moon,2002-03-05,When You Touch Me,4,342973,5.72,2002.0
Brandy,Full Moon,2002-03-05,Like This,5,272626,4.54,2002.0
Brandy,Full Moon,2002-03-05,All in Me,6,240066,4.0,2002.0
Brandy,Full Moon,2002-03-05,Apart,7,267573,4.46,2002.0
Brandy,Full Moon,2002-03-05,Can We,8,283560,4.73,2002.0
Brandy,Full Moon,2002-03-05,What About Us?,9,253453,4.22,2002.0
Brandy,Full Moon,2002-03-05,Anybody,10,295573,4.93,2002.0
Brandy,Full Moon,2002-03-05,Nothing,11,288560,4.81,2002.0
Brandy,Full Moon,2002-03-05,It's Not Worth It,12,263000,4.38,2002.0
Brandy,Full Moon,2002-03-05,He Is,13,261133,4.35,2002.0
Brandy,Full Moon,2002-03-05,Come a Little Closer,14,272266,4.54,2002.0
Brandy,Full Moon,2002-03-05,Love Wouldn't Count Me Out,15,259306,4.32,2002.0
Brandy,Full Moon,2002-03-05,WOW,16,252866,4.21,2002.0
Brandy,Full Moon,2002-03-05,Another Day in Paradise - R&B-Version,17,271626,4.53,2002.0
Brandy,Full Moon,2002-03-05,Full Moon - Cutfather & Joe Remix; Main,18,233986,3.9,2002.0
Brandy,Never Say Never,1998-06-09,Angel in Disguise,2,288266,4.8,1998.0
Brandy,Never Say Never,1998-06-09,The Boy Is Mine,3,294786,4.91,1998.0
Brandy,Never Say Never,1998-06-09,Learn the Hard Way,4,290893,4.85,1998.0
Brandy,Never Say Never,1998-06-09,Almost Doesn't Count,5,218466,3.64,1998.0
Brandy,Never Say Never,1998-06-09,Top of the World (feat. Ma$e),6,281506,4.69,1998.0
Brandy,Never Say Never,1998-06-09,U Don't Know Me (Like U Used To),7,267960,4.47,1998.0
Brandy,Never Say Never,1998-06-09,Never Say Never,8,309466,5.16,1998.0
Brandy,Never Say Never,1998-06-09,Truthfully,9,298760,4.98,1998.0
Brandy,Never Say Never,1998-06-09,Have You Ever,10,273440,4.56,1998.0
Brandy,Never Say Never,1998-06-09,Put That on Everything,11,290866,4.85,1998.0
Brandy,Never Say Never,1998-06-09,In the Car Interlude,12,68133,1.14,1998.0
Brandy,Never Say Never,1998-06-09,Happy,13,246200,4.1,1998.0
Brandy,Never Say Never,1998-06-09,One Voice,14,248133,4.14,1998.0
Brandy,Never Say Never,1998-06-09,Tomorrow,15,319493,5.32,1998.0
Brandy,Never Say Never,1998-06-09,(Everything I Do) I Do It for You,16,250000,4.17,1998.0
Brandy,Brandy,,Movin' On,1,267733,4.46,
Brandy,Brandy,,Baby,2,313293,5.22,
Brandy,Brandy,,Best Friend,3,288840,4.81,
Brandy,Brandy,,I Wanna Be Down,4,291666,4.86,
Brandy,Brandy,,I Dedicate (Pt. 1),5,89066,1.48,
Brandy,Brandy,,Brokenhearted,6,352733,5.88,
Brandy,Brandy,,I'm Yours,7,242173,4.04,
Brandy,Brandy,,Sunny Day,8,269733,4.5,
Brandy,Brandy,,As Long as You're Here,9,285666,4.76,
Brandy,Brandy,,Always on My Mind,10,246266,4.1,
Brandy,Brandy,,I Dedicate (Pt. 2),11,55360,0.92,
Brandy,Brandy,,Love Is on My Side,12,310000,5.17,
Brandy,Brandy,,Give Me You,13,266000,4.43,
Brandy,Brandy,,I Dedicate (Pt. 3),14,61866,1.03,
Mary J. Blige,Gratitude,2024-11-15,Breathing (feat. Fabolous),1,208600,3.48,2024.0
Mary J. Blige,Gratitude,2024-11-15,Need You More (feat. Jadakiss),2,247066,4.12,2024.0
Mary J. Blige,Gratitude,2024-11-15,Beautiful People,3,189706,3.16,2024.0
Mary J. Blige,Gratitude,2024-11-15,You Ain't The Only One,4,168106,2.8,2024.0
Mary J. Blige,Gratitude,2024-11-15,Never Give Up On Me,5,197000,3.28,2024.0
Mary J. Blige,Gratitude,2024-11-15,Nobody But You,6,187640,3.13,2024.0
Mary J. Blige,Gratitude,2024-11-15,Here I Am,7,173160,2.89,2024.0
Mary J. Blige,Gratitude,2024-11-15,Don’t Fuck Up,8,174520,2.91,2024.0
Mary J. Blige,Gratitude,2024-11-15,Superpowers,9,172173,2.87,2024.0
Mary J. Blige,Gratitude,2024-11-15,Can’t Wait For You,10,211120,3.52,2024.0
Mary J. Blige,Gratitude,2024-11-15,God's Child (feat. Fat Joe),11,255480,4.26,2024.0
Mary J. Blige,Gratitude,2024-11-15,I Got Plans (feat. A$AP Ferg),12,299288,4.99,2024.0
Mary J. Blige,A Mary Christmas (Anniversary Edition),2023-10-06,Little Drummer Boy,1,250929,4.18,2023.0
Mary J. Blige,A Mary Christmas (Anniversary Edition),2023-10-06,Have Yourself A Merry Little Christmas,2,279463,4.66,2023.0
Mary J. Blige,A Mary Christmas (Anniversary Edition),2023-10-06,My Favorite Things,3,232859,3.88,2023.0
Mary J. Blige,A Mary Christmas (Anniversary Edition),2023-10-06,This Christmas,4,201372,3.36,2023.0
Mary J. Blige,A Mary Christmas (Anniversary Edition),2023-10-06,The Christmas Song (Chestnuts Roasting On An Open Fire),5,236070,3.93,2023.0
Mary J. Blige,A Mary Christmas (Anniversary Edition),2023-10-06,"Rudolph, The Red-Nosed Reindeer",6,150025,2.5,2023.0
Mary J. Blige,A Mary Christmas (Anniversary Edition),2023-10-06,When You Wish Upon A Star,7,224588,3.74,2023.0
Mary J. Blige,A Mary Christmas (Anniversary Edition),2023-10-06,"Mary, Did You Know",8,230651,3.84,2023.0
Mary J. Blige,A Mary Christmas (Anniversary Edition),2023-10-06,Do You Hear What I Hear?,9,262149,4.37,2023.0
Mary J. Blige,A Mary Christmas (Anniversary Edition),2023-10-06,Petit Papa Noël,10,240394,4.01,2023.0
Mary J. Blige,A Mary Christmas (Anniversary Edition),2023-10-06,The First Noel,11,266662,4.44,2023.0
Mary J. Blige,A Mary Christmas (Anniversary Edition),2023-10-06,Noche De Paz (Silent Night),12,208920,3.48,2023.0
Mary J. Blige,A Mary Christmas (Anniversary Edition),2023-10-06,Winter Wonderland,13,168120,2.8,2023.0
Mary J. Blige,A Mary Christmas (Anniversary Edition),2023-10-06,Silent Night,14,250813,4.18,2023.0
Mary J. Blige,A Mary Christmas (Anniversary Edition),2023-10-06,O Holy Night,15,236592,3.94,2023.0
Mary J. Blige,A Mary Christmas (Anniversary Edition),2023-10-06,Do You Hear What I Hear? - Solo Version,16,261008,4.35,2023.0
Mary J. Blige,Good Morning Gorgeous (Deluxe),2022-05-06,No Idea,1,136596,2.28,2022.0
Mary J. Blige,Good Morning Gorgeous (Deluxe),2022-05-06,Love Will Never,2,209222,3.49,2022.0
Mary J. Blige,Good Morning Gorgeous (Deluxe),2022-05-06,Here With Me (feat. Anderson .Paak),3,139630,2.33,2022.0
Mary J. Blige,Good Morning Gorgeous (Deluxe),2022-05-06,Rent Money (feat. Dave East),4,229884,3.83,2022.0
Mary J. Blige,Good Morning Gorgeous (Deluxe),2022-05-06,Gone Forever (feat. Remy Ma & DJ Khaled),5,182349,3.04,2022.0
Mary J. Blige,Good Morning Gorgeous (Deluxe),2022-05-06,Amazing (feat. DJ Khaled),6,159305,2.66,2022.0
Mary J. Blige,Good Morning Gorgeous (Deluxe),2022-05-06,GMG Interlude,7,71820,1.2,2022.0
Mary J. Blige,Good Morning Gorgeous (Deluxe),2022-05-06,Good Morning Gorgeous,8,174530,2.91,2022.0
Mary J. Blige,Good Morning Gorgeous (Deluxe),2022-05-06,Come See About Me,9,208204,3.47,2022.0
Mary J. Blige,Good Morning Gorgeous (Deluxe),2022-05-06,On Top (feat. Fivio Foreign),10,167431,2.79,2022.0
Mary J. Blige,Good Morning Gorgeous (Deluxe),2022-05-06,Tough Love (feat. Moneybagg Yo),11,273793,4.56,2022.0
Mary J. Blige,Good Morning Gorgeous (Deluxe),2022-05-06,Love Without the Heartbreak,12,228249,3.8,2022.0
Mary J. Blige,Good Morning Gorgeous (Deluxe),2022-05-06,Failing in Love,13,198051,3.3,2022.0
Mary J. Blige,Good Morning Gorgeous (Deluxe),2022-05-06,Enough,14,185603,3.09,2022.0
Mary J. Blige,Good Morning Gorgeous (Deluxe),2022-05-06,Need Love (feat. Usher),15,184743,3.08,2022.0
Mary J. Blige,Good Morning Gorgeous (Deluxe),2022-05-06,Running (feat. Ne-Yo),16,258895,4.31,2022.0
Mary J. Blige,Good Morning Gorgeous (Deluxe),2022-05-06,Good Morning Gorgeous (feat. H.E.R.),17,174636,2.91,2022.0
Mary J. Blige,Good Morning Gorgeous (Deluxe),2022-05-06,Rent Money (feat. Jadakiss & Griselda),18,250556,4.18,2022.0
Mary J. Blige,Good Morning Gorgeous (Deluxe),2022-05-06,Come See About Me (feat. Fabolous),19,264845,4.41,2022.0
Mary J. Blige,My Life (Deluxe / Commentary Edition),2020-11-11,Intro - Commentary,1,29305,0.49,2020.0
Mary J. Blige,My Life (Deluxe / Commentary Edition),2020-11-11,Intro / Mary J. Blige / My Life,2,64102,1.07,2020.0
Mary J. Blige,My Life (Deluxe / Commentary Edition),2020-11-11,Mary Jane (All Night Long) - Commentary,3,73487,1.22,2020.0
Mary J. Blige,My Life (Deluxe / Commentary Edition),2020-11-11,Mary Jane (All Night Long),4,277082,4.62,2020.0
Mary J. Blige,My Life (Deluxe / Commentary Edition),2020-11-11,You Bring Me Joy - Commentary,5,86046,1.43,2020.0
Mary J. Blige,My Life (Deluxe / Commentary Edition),2020-11-11,You Bring Me Joy,6,253626,4.23,2020.0
Mary J. Blige,My Life (Deluxe / Commentary Edition),2020-11-11,Marvin Interlude - Commentary,7,53985,0.9,2020.0
Mary J. Blige,My Life (Deluxe / Commentary Edition),2020-11-11,Marvin Interlude,8,36040,0.6,2020.0
Mary J. Blige,My Life (Deluxe / Commentary Edition),2020-11-11,I'm The Only Woman - Commentary,9,132504,2.21,2020.0
Mary J. Blige,My Life (Deluxe / Commentary Edition),2020-11-11,I'm The Only Woman,10,270200,4.5,2020.0
Mary J. Blige,My Life (Deluxe / Commentary Edition),2020-11-11,K. Murray Interlude - Commentary,11,27848,0.46,2020.0
Mary J. Blige,My Life (Deluxe / Commentary Edition),2020-11-11,K. Murray Interlude,12,22866,0.38,2020.0
Mary J. Blige,My Life (Deluxe / Commentary Edition),2020-11-11,My Life - Commentary,13,180441,3.01,2020.0
Mary J. Blige,My Life (Deluxe / Commentary Edition),2020-11-11,My Life,14,257426,4.29,2020.0
Mary J. Blige,My Life (Deluxe / Commentary Edition),2020-11-11,You Gotta Believe - Commentary,15,62065,1.03,2020.0
Mary J. Blige,My Life (Deluxe / Commentary Edition),2020-11-11,You Gotta Believe,16,300624,5.01,2020.0
Mary J. Blige,My Life (Deluxe / Commentary Edition),2020-11-11,I Never Wanna Live Without You - Commentary,17,71603,1.19,2020.0
Mary J. Blige,My Life (Deluxe / Commentary Edition),2020-11-11,I Never Wanna Live Without You,18,374353,6.24,2020.0
Mary J. Blige,My Life (Deluxe / Commentary Edition),2020-11-11,I'm Goin' Down - Commentary,19,88743,1.48,2020.0
Mary J. Blige,My Life (Deluxe / Commentary Edition),2020-11-11,I'm Goin' Down,20,222333,3.71,2020.0
Mary J. Blige,My Life (Deluxe / Commentary Edition),2020-11-11,My Life Interlude - Commentary,21,66411,1.11,2020.0
Mary J. Blige,My Life (Deluxe / Commentary Edition),2020-11-11,My Life Interlude,22,75466,1.26,2020.0
Mary J. Blige,My Life (Deluxe / Commentary Edition),2020-11-11,Be With You - Commentary,23,73165,1.22,2020.0
Mary J. Blige,My Life (Deluxe / Commentary Edition),2020-11-11,Be With You,24,266426,4.44,2020.0
Mary J. Blige,My Life (Deluxe / Commentary Edition),2020-11-11,Mary's Joint - Commentary,25,87228,1.45,2020.0
Mary J. Blige,My Life (Deluxe / Commentary Edition),2020-11-11,Mary's Joint,26,300501,5.01,2020.0
Mary J. Blige,My Life (Deluxe / Commentary Edition),2020-11-11,Don't Go - Commentary,27,116670,1.94,2020.0
Mary J. Blige,My Life (Deluxe / Commentary Edition),2020-11-11,Don't Go,28,299401,4.99,2020.0
Mary J. Blige,My Life (Deluxe / Commentary Edition),2020-11-11,I Love You - Commentary,29,95002,1.58,2020.0
Mary J. Blige,My Life (Deluxe / Commentary Edition),2020-11-11,I Love You,30,271226,4.52,2020.0
Mary J. Blige,My Life (Deluxe / Commentary Edition),2020-11-11,No One Else - Commentary,31,28693,0.48,2020.0
Mary J. Blige,My Life (Deluxe / Commentary Edition),2020-11-11,No One Else,32,254973,4.25,2020.0
Mary J. Blige,My Life (Deluxe / Commentary Edition),2020-11-11,Be Happy - Commentary,33,51550,0.86,2020.0
Mary J. Blige,My Life (Deluxe / Commentary Edition),2020-11-11,Be Happy,34,349560,5.83,2020.0
Mary J. Blige,My Life (Deluxe / Commentary Edition),2020-11-11,Mary Jane (All Night Long) - Remix,35,331066,5.52,2020.0
Mary J. Blige,My Life (Deluxe / Commentary Edition),2020-11-11,I'm Goin' Down - Remix,36,230066,3.83,2020.0
Mary J. Blige,My Life (Deluxe / Commentary Edition),2020-11-11,I Love You - Remix,37,363693,6.06,2020.0
Mary J. Blige,My Life (Deluxe / Commentary Edition),2020-11-11,Be Happy - Bad Boy Butter Remix,38,284133,4.74,2020.0
Mary J. Blige,My Life (Deluxe / Commentary Edition),2020-11-11,Be Happy - Ron G Remix,39,222173,3.7,2020.0
Mary J. Blige,My Life (Deluxe / Commentary Edition),2020-11-11,(You Make Me Feel Like A) Natural Woman,40,180866,3.01,2020.0
Mary J. Blige,Strength Of A Woman,2017-04-28,Love Yourself,1,298573,4.98,2017.0
Mary J. Blige,Strength Of A Woman,2017-04-28,Thick Of It,2,241920,4.03,2017.0
Mary J. Blige,Strength Of A Woman,2017-04-28,Set Me Free,3,209520,3.49,2017.0
Mary J. Blige,Strength Of A Woman,2017-04-28,It's Me,4,270893,4.51,2017.0
Mary J. Blige,Strength Of A Woman,2017-04-28,Glow Up,5,246786,4.11,2017.0
Mary J. Blige,Strength Of A Woman,2017-04-28,U + Me (Love Lesson),6,296800,4.95,2017.0
Mary J. Blige,Strength Of A Woman,2017-04-28,Indestructible,7,283786,4.73,2017.0
Mary J. Blige,Strength Of A Woman,2017-04-28,Thank You,8,245320,4.09,2017.0
Mary J. Blige,Strength Of A Woman,2017-04-28,Survivor,9,284640,4.74,2017.0
Mary J. Blige,Strength Of A Woman,2017-04-28,Find The Love,10,203773,3.4,2017.0
Mary J. Blige,Strength Of A Woman,2017-04-28,Smile,11,222013,3.7,2017.0
Mary J. Blige,Strength Of A Woman,2017-04-28,Telling The Truth,12,237080,3.95,2017.0
Mary J. Blige,Strength Of A Woman,2017-04-28,Strength Of A Woman,13,229146,3.82,2017.0
Mary J. Blige,Strength Of A Woman,2017-04-28,Hello Father,14,199146,3.32,2017.0
Mary J. Blige,The London Sessions,2014-11-28,Therapy,1,202726,3.38,2014.0
Mary J. Blige,The London Sessions,2014-11-28,Doubt,2,239010,3.98,2014.0
Mary J. Blige,The London Sessions,2014-11-28,Not Loving You,3,206774,3.45,2014.0
Mary J. Blige,The London Sessions,2014-11-28,When You're Gone,4,204016,3.4,2014.0
Mary J. Blige,The London Sessions,2014-11-28,Right Now,5,229205,3.82,2014.0
Mary J. Blige,The London Sessions,2014-11-28,My Loving,6,265963,4.43,2014.0
Mary J. Blige,The London Sessions,2014-11-28,Long Hard Look,7,216321,3.61,2014.0
Mary J. Blige,The London Sessions,2014-11-28,Whole Damn Year,8,251809,4.2,2014.0
Mary J. Blige,The London Sessions,2014-11-28,Pick Me Up,10,187132,3.12,2014.0
Mary J. Blige,The London Sessions,2014-11-28,Follow,11,248173,4.14,2014.0
Mary J. Blige,The London Sessions,2014-11-28,Worth My Time,12,208351,3.47,2014.0
Mary J. Blige,Think Like a Man Too (Music from and Inspired by the Film),2014-06-13,A Night to Remember,1,254346,4.24,2014.0
Mary J. Blige,Think Like a Man Too (Music from and Inspired by the Film),2014-06-13,Vegas Nights (feat. The-Dream),2,185626,3.09,2014.0
Mary J. Blige,Think Like a Man Too (Music from and Inspired by the Film),2014-06-13,Moment of Love,3,247266,4.12,2014.0
Mary J. Blige,Think Like a Man Too (Music from and Inspired by the Film),2014-06-13,See That Boy Again (feat. Pharrell Williams),4,253013,4.22,2014.0
Mary J. Blige,Think Like a Man Too (Music from and Inspired by the Film),2014-06-13,Wonderful,5,211720,3.53,2014.0
Mary J. Blige,Think Like a Man Too (Music from and Inspired by the Film),2014-06-13,Kiss and Make Up,6,211280,3.52,2014.0
Mary J. Blige,Think Like a Man Too (Music from and Inspired by the Film),2014-06-13,Cargo,7,182400,3.04,2014.0
Mary J. Blige,Think Like a Man Too (Music from and Inspired by the Film),2014-06-13,Suitcase,8,228013,3.8,2014.0
Mary J. Blige,Think Like a Man Too (Music from and Inspired by the Film),2014-06-13,I Want You,9,375413,6.26,2014.0
Mary J. Blige,Think Like a Man Too (Music from and Inspired by the Film),2014-06-13,Self Love,10,223440,3.72,2014.0
Mary J. Blige,Think Like a Man Too (Music from and Inspired by the Film),2014-06-13,Power Back,11,236106,3.94,2014.0
Mary J. Blige,Think Like a Man Too (Music from and Inspired by the Film),2014-06-13,All Fun and Games,12,285706,4.76,2014.0
Mary J. Blige,Think Like a Man Too (Music from and Inspired by the Film),2014-06-13,Better,13,246373,4.11,2014.0
Mary J. Blige,Think Like a Man Too (Music from and Inspired by the Film),2014-06-13,Propose,14,261293,4.35,2014.0
Mary J. Blige,My Life II...The Journey Continues (Act 1) [Deluxe],2011-01-01,Intro / My Life II...The Journey Continues / Mary J. Blige,1,76186,1.27,2011.0
Mary J. Blige,My Life II...The Journey Continues (Act 1) [Deluxe],2011-01-01,Feel Inside,2,307693,5.13,2011.0
Mary J. Blige,My Life II...The Journey Continues (Act 1) [Deluxe],2011-01-01,Midnight Drive,3,252026,4.2,2011.0
Mary J. Blige,My Life II...The Journey Continues (Act 1) [Deluxe],2011-01-01,Next Level,4,253253,4.22,2011.0
Mary J. Blige,My Life II...The Journey Continues (Act 1) [Deluxe],2011-01-01,Ain't Nobody,5,243440,4.06,2011.0
Mary J. Blige,My Life II...The Journey Continues (Act 1) [Deluxe],2011-01-01,25/8,6,235560,3.93,2011.0
Mary J. Blige,My Life II...The Journey Continues (Act 1) [Deluxe],2011-01-01,Don't Mind,7,237293,3.95,2011.0
Mary J. Blige,My Life II...The Journey Continues (Act 1) [Deluxe],2011-01-01,No Condition,8,267000,4.45,2011.0
Mary J. Blige,My Life II...The Journey Continues (Act 1) [Deluxe],2011-01-01,Mr. Wrong,9,241853,4.03,2011.0
Mary J. Blige,My Life II...The Journey Continues (Act 1) [Deluxe],2011-01-01,Why,10,261573,4.36,2011.0
Mary J. Blige,My Life II...The Journey Continues (Act 1) [Deluxe],2011-01-01,Love A Woman,11,271213,4.52,2011.0
Mary J. Blige,My Life II...The Journey Continues (Act 1) [Deluxe],2011-01-01,Irreversible,12,233440,3.89,2011.0
Mary J. Blige,My Life II...The Journey Continues (Act 1) [Deluxe],2011-01-01,Empty Prayers,13,195053,3.25,2011.0
Mary J. Blige,My Life II...The Journey Continues (Act 1) [Deluxe],2011-01-01,Need Someone,14,234640,3.91,2011.0
Mary J. Blige,My Life II...The Journey Continues (Act 1) [Deluxe],2011-01-01,The Living Proof,15,351520,5.86,2011.0
Mary J. Blige,My Life II...The Journey Continues (Act 1) [Deluxe],2011-01-01,Miss Me With That,16,254800,4.25,2011.0
Mary J. Blige,My Life II...The Journey Continues (Act 1) [Deluxe],2011-01-01,Someone To Love Me (Naked),17,212506,3.54,2011.0
