artist,album,release_date,track_name,track_number,duration_ms
Aaliyah,Ultimate Aaliyah,2005-05-10,One In A Million,1,273026
Aaliyah,Ultimate Aaliyah,2005-05-10,If Your Girl Only Knew,2,292173
Aaliyah,Ultimate Aaliyah,2005-05-10,Hot Like Fire,3,264733
Aaliyah,Ultimate Aaliyah,2005-05-10,The One I Gave My Heart To,4,271800
Aaliyah,Ultimate Aaliyah,2005-05-10,Got To Give It Up (feat. Slick Rick),5,282026
Aaliyah,Ultimate Aaliyah,2005-05-10,4 Page Letter,6,293640
Aaliyah,Ultimate Aaliyah,2005-05-10,We Need A Resolution (feat. Timbaland),7,243600
Aaliyah,Ultimate Aaliyah,2005-05-10,Rock The Boat,8,275560
Aaliyah,Ultimate Aaliyah,2005-05-10,More Than A Woman,9,230466
Aaliyah,Ultimate Aaliyah,2005-05-10,I Care 4 U,10,276133
Aaliyah,Ultimate Aaliyah,2005-05-10,Try Again,11,286373
Aaliyah,Ultimate Aaliyah,2005-05-10,Back & Forth,12,231733
Aaliyah,Ultimate Aaliyah,2005-05-10,Are You That Somebody?,13,267626
Aaliyah,Ultimate Aaliyah,2005-05-10,Don't Know What To Tell Ya,14,303866
Aaliyah,Ultimate Aaliyah,2005-05-10,Miss You,15,247173
Aaliyah,Ultimate Aaliyah,2005-05-10,At Your Best (You Are Love),16,290560
Aaliyah,Ultimate Aaliyah,2005-05-10,Are You Feelin' Me?,1,192226
Aaliyah,Ultimate Aaliyah,2005-05-10,Messed Up,2,216373
Aaliyah,Ultimate Aaliyah,2005-05-10,Come Back in One Piece (feat. DMX),3,260200
Aaliyah,Ultimate Aaliyah,2005-05-10,I Don't Wanna,4,256560
Aaliyah,Ultimate Aaliyah,2005-05-10,Man Undercover,5,284106
Aaliyah,Ultimate Aaliyah,2005-05-10,John Blaze,6,242133
Aaliyah,Ultimate Aaliyah,2005-05-10,I Am Music,7,241466
Aaliyah,Ultimate Aaliyah,2005-05-10,More Than a Woman - Bump N Flex Club Mix,8,330333
Aaliyah,Ultimate Aaliyah,2005-05-10,Hold On (feat. Wyclef Jean),9,304666
Aaliyah,I Care 4 U,2002-12-10,Back & Forth,1,229933
Aaliyah,I Care 4 U,2002-12-10,Are You That Somebody?,2,265666
Aaliyah,I Care 4 U,2002-12-10,One In A Million,3,270760
Aaliyah,I Care 4 U,2002-12-10,I Care 4 U,4,273506
Aaliyah,I Care 4 U,2002-12-10,More Than A Woman,5,230360
Aaliyah,I Care 4 U,2002-12-10,Don't Know What to Tell Ya,6,301906
Aaliyah,I Care 4 U,2002-12-10,Try Again,7,284000
Aaliyah,I Care 4 U,2002-12-10,All I Need,8,188200
Aaliyah,I Care 4 U,2002-12-10,Miss You,9,245226
Aaliyah,I Care 4 U,2002-12-10,Don't Worry,10,231933
Aaliyah,I Care 4 U,2002-12-10,Come Over (feat. Tank),11,235106
Aaliyah,I Care 4 U,2002-12-10,Erica Kane,12,277666
Aaliyah,I Care 4 U,2002-12-10,At Your Best (You Are Love),13,290133
Aaliyah,I Care 4 U,2002-12-10,Got To Give It Up (Remix),14,237866
Aaliyah,I Care 4 U,2002-12-10,We Need A Resolution (feat. Timbaland),15,242266
Aaliyah,I Care 4 U,2002-12-10,Rock The Boat,16,275026
Aaliyah,Aaliyah,2001-07-07,We Need A Resolution (feat. Timbaland),1,242826
Aaliyah,Aaliyah,2001-07-07,Loose Rap (feat. Static Major),2,229800
Aaliyah,Aaliyah,2001-07-07,Rock The Boat,3,274733
Aaliyah,Aaliyah,2001-07-07,More Than A Woman,4,229866
Aaliyah,Aaliyah,2001-07-07,Never No More,5,238266
Aaliyah,Aaliyah,2001-07-07,I Care 4 U,6,273840
Aaliyah,Aaliyah,2001-07-07,Extra Smooth,7,234600
Aaliyah,Aaliyah,2001-07-07,Read Between The Lines,8,260560
Aaliyah,Aaliyah,2001-07-07,U Got Nerve,9,222706
Aaliyah,Aaliyah,2001-07-07,I Refuse,10,357026
Aaliyah,Aaliyah,2001-07-07,It's Whatever,11,248373
Aaliyah,Aaliyah,2001-07-07,I Can Be,12,179293
Aaliyah,Aaliyah,2001-07-07,Those Were The Days,13,204106
Aaliyah,Aaliyah,2001-07-07,What If,14,259959
Aaliyah,Aaliyah,2001-07-07,Try Again,15,284640
Aaliyah,One In A Million,1996-08-13,Beats 4 Da Streets (Intro),1,130773
Aaliyah,One In A Million,1996-08-13,Hot Like Fire,2,263266
Aaliyah,One In A Million,1996-08-13,One In A Million,3,270760
Aaliyah,One In A Million,1996-08-13,A Girl Like You (feat. Treach),4,262706
Aaliyah,One In A Million,1996-08-13,If Your Girl Only Knew,5,290960
Aaliyah,One In A Million,1996-08-13,Choosey Lover (Old School / New School),6,427866
Aaliyah,One In A Million,1996-08-13,Got To Give It Up (feat. Slick Rick),7,281040
Aaliyah,One In A Million,1996-08-13,4 Page Letter,8,292400
Aaliyah,One In A Million,1996-08-13,Everything's Gonna Be Alright,9,289666
Aaliyah,One In A Million,1996-08-13,Giving You More,10,265626
Aaliyah,One In A Million,1996-08-13,I Gotcha' Back,11,173573
Aaliyah,One In A Million,1996-08-13,Never Givin' Up (feat. Tavarius Polk),12,311693
Aaliyah,One In A Million,1996-08-13,Heartbroken,13,259066
Aaliyah,One In A Million,1996-08-13,Never Comin' Back,14,246066
Aaliyah,One In A Million,1996-08-13,Ladies In Da House (feat. Missy Elliott & Timbaland),15,260840
Aaliyah,One In A Million,1996-08-13,The One I Gave My Heart To,16,270933
Aaliyah,One In A Million,1996-08-13,Came To Give Love (Outro) [feat. Timbaland],17,100293
Aaliyah,One In A Million,1996-08-13,Hot Like Fire (Timbaland's Groove Mix) [feat. Missy Elliott & Timbaland] - Bonus,18,275425
Aaliyah,Age Ain't Nothing But A Number,1994-05-22,Intro,1,90360
Aaliyah,Age Ain't Nothing But A Number,1994-05-22,Throw Your Hands Up,2,214093
Aaliyah,Age Ain't Nothing But A Number,1994-05-22,Back & Forth,3,231093
Aaliyah,Age Ain't Nothing But A Number,1994-05-22,Age Ain't Nothing But a Number,4,253960
Aaliyah,Age Ain't Nothing But A Number,1994-05-22,Down with the Clique,5,204333
Aaliyah,Age Ain't Nothing But A Number,1994-05-22,At Your Best (You Are Love),6,291400
Aaliyah,Age Ain't Nothing But A Number,1994-05-22,No One Knows How to Love Me Quite Like You Do,7,247493
Aaliyah,Age Ain't Nothing But A Number,1994-05-22,I'm So into You,8,205693
Aaliyah,Age Ain't Nothing But A Number,1994-05-22,Street Thing,9,298600
Aaliyah,Age Ain't Nothing But A Number,1994-05-22,Young Nation,10,280493
Aaliyah,Age Ain't Nothing But A Number,1994-05-22,Old School,11,197400
Aaliyah,Age Ain't Nothing But A Number,1994-05-22,I'm Down,12,196026
Aaliyah,Age Ain't Nothing But A Number,1994-05-22,Back & Forth - Mr. Lee & R. Kelly's Remix,13,227093
TLC,CrazySexyCool (30th Anniversary Edition),2024-11-15,Intro-Iude,1,63304
TLC,CrazySexyCool (30th Anniversary Edition),2024-11-15,Creep,2,268533
TLC,CrazySexyCool (30th Anniversary Edition),2024-11-15,Kick Your Game,3,254133
TLC,CrazySexyCool (30th Anniversary Edition),2024-11-15,Diggin' On You,4,254560
TLC,CrazySexyCool (30th Anniversary Edition),2024-11-15,Case of the Fake People,5,244600
TLC,CrazySexyCool (30th Anniversary Edition),2024-11-15,CrazySexyCool-Interlude,6,102173
TLC,CrazySexyCool (30th Anniversary Edition),2024-11-15,Red Light Special,7,303960
TLC,CrazySexyCool (30th Anniversary Edition),2024-11-15,Waterfalls,8,280496
TLC,CrazySexyCool (30th Anniversary Edition),2024-11-15,Intermission-lude,9,42693
TLC,CrazySexyCool (30th Anniversary Edition),2024-11-15,Let's Do it Again,10,256493
TLC,CrazySexyCool (30th Anniversary Edition),2024-11-15,If I Was Your Girlfriend,11,276733
TLC,CrazySexyCool (30th Anniversary Edition),2024-11-15,Sexy-Interlude,12,94866
TLC,CrazySexyCool (30th Anniversary Edition),2024-11-15,Take Our Time,13,274000
TLC,CrazySexyCool (30th Anniversary Edition),2024-11-15,Can I Get a Witness-Interlude,14,177066
TLC,CrazySexyCool (30th Anniversary Edition),2024-11-15,Switch,15,210533
TLC,CrazySexyCool (30th Anniversary Edition),2024-11-15,Sumthin' Wicked This Way Comes,16,268200
TLC,CrazySexyCool (30th Anniversary Edition),2024-11-15,Creep - Pessto Radio Remix,17,188274
TLC,CrazySexyCool (30th Anniversary Edition),2024-11-15,Waterfalls - DE SOFFER Official Remix,18,237966
TLC,TLC,2017-06-30,No Introduction,1,182703
TLC,TLC,2017-06-30,Way Back,2,226804
TLC,TLC,2017-06-30,It's Sunny,3,203495
TLC,TLC,2017-06-30,Haters,4,160400
TLC,TLC,2017-06-30,Perfect Girls,5,185317
TLC,TLC,2017-06-30,Interlude,6,71433
TLC,TLC,2017-06-30,Start a Fire,7,242980
TLC,TLC,2017-06-30,American Gold,8,218980
TLC,TLC,2017-06-30,Scandalous,9,212536
TLC,TLC,2017-06-30,Aye Muthafucka,10,196141
TLC,TLC,2017-06-30,Joy Ride,11,258048
TLC,TLC,2017-06-30,Way Back (Extended Version),12,266222
TLC,3D,2002-10-10,3D Intro,1,144960
TLC,3D,2002-10-10,Quickie,2,259240
TLC,3D,2002-10-10,Girl Talk - Radio Mix,3,214760
TLC,3D,2002-10-10,Turntable,4,205466
TLC,3D,2002-10-10,In Your Arms Tonight,5,264640
TLC,3D,2002-10-10,Over Me,6,257200
TLC,3D,2002-10-10,Hands Up,7,228693
TLC,3D,2002-10-10,Damaged,8,231373
TLC,3D,2002-10-10,"Dirty, Dirty",9,220026
TLC,3D,2002-10-10,So So Dumb,10,245733
TLC,3D,2002-10-10,Good Love,11,252306
TLC,3D,2002-10-10,Hey Hey Hey Hey,12,245266
TLC,3D,2002-10-10,Give It to Me While It's Hot,13,208026
TLC,Fanmail,1999-02-23,FanMail,1,239333
TLC,Fanmail,1999-02-23,The Vic-E Interpretation - Interlude - Dirty Version,2,18973
TLC,Fanmail,1999-02-23,Silly Ho,3,255160
TLC,Fanmail,1999-02-23,Whispering Playa - Interlude,4,52066
TLC,Fanmail,1999-02-23,No Scrubs,5,214440
TLC,Fanmail,1999-02-23,I'm Good at Being Bad,6,277693
TLC,Fanmail,1999-02-23,If They Knew,7,244200
TLC,Fanmail,1999-02-23,I Miss You So Much,8,296600
TLC,Fanmail,1999-02-23,Unpretty,9,278000
TLC,Fanmail,1999-02-23,My Life,10,241800
TLC,Fanmail,1999-02-23,Shout,11,237640
TLC,Fanmail,1999-02-23,Come On Down,12,257266
TLC,Fanmail,1999-02-23,Dear Lie,13,310760
TLC,Fanmail,1999-02-23,Communicate - Interlude,14,51733
TLC,Fanmail,1999-02-23,Lovesick,15,232933
TLC,Fanmail,1999-02-23,Automatic,16,271400
TLC,Fanmail,1999-02-23,Don't Pull Out on Me Yet,17,273533
TLC,Crazysexycool,1994-11-15,Intro-Iude,1,62773
TLC,Crazysexycool,1994-11-15,Creep,2,268533
TLC,Crazysexycool,1994-11-15,Kick Your Game,3,254133
TLC,Crazysexycool,1994-11-15,Diggin' On You,4,254560
TLC,Crazysexycool,1994-11-15,Case of the Fake People,5,244600
TLC,Crazysexycool,1994-11-15,CrazySexyCool-Interlude,6,102173
TLC,Crazysexycool,1994-11-15,Red Light Special,7,303960
TLC,Crazysexycool,1994-11-15,Waterfalls,8,279506
TLC,Crazysexycool,1994-11-15,Intermission-lude,9,42693
TLC,Crazysexycool,1994-11-15,Let's Do it Again,10,256493
TLC,Crazysexycool,1994-11-15,If I Was Your Girlfriend,11,276733
TLC,Crazysexycool,1994-11-15,Sexy-Interlude,12,94866
TLC,Crazysexycool,1994-11-15,Take Our Time,13,274000
TLC,Crazysexycool,1994-11-15,Can I Get a Witness-Interlude,14,177066
TLC,Crazysexycool,1994-11-15,Switch,15,210533
TLC,Crazysexycool,1994-11-15,Sumthin' Wicked This Way Comes,16,268200
TLC,Ooooooohhh... On The TLC Tip,1992-02-25,Intro,1,30866
TLC,Ooooooohhh... On The TLC Tip,1992-02-25,Ain't 2 Proud 2 Beg,2,336560
TLC,Ooooooohhh... On The TLC Tip,1992-02-25,Shock Dat Monkey,3,308573
TLC,Ooooooohhh... On The TLC Tip,1992-02-25,Intermission I,4,19199
TLC,Ooooooohhh... On The TLC Tip,1992-02-25,Hat 2 da Back,5,256426
TLC,Ooooooohhh... On The TLC Tip,1992-02-25,Das Da Way We Like 'Em,6,301733
TLC,Ooooooohhh... On The TLC Tip,1992-02-25,What About Your Friends,7,293600
TLC,Ooooooohhh... On The TLC Tip,1992-02-25,His Story,8,263000
TLC,Ooooooohhh... On The TLC Tip,1992-02-25,Intermission II,9,59666
TLC,Ooooooohhh... On The TLC Tip,1992-02-25,Bad By Myself,10,235933
TLC,Ooooooohhh... On The TLC Tip,1992-02-25,Somethin' You Wanna Know,11,342440
TLC,Ooooooohhh... On The TLC Tip,1992-02-25,Baby-Baby-Baby,12,315040
TLC,Ooooooohhh... On The TLC Tip,1992-02-25,This Is How It Should Be Done,13,267933
TLC,Ooooooohhh... On The TLC Tip,1992-02-25,Depend on Myself,14,251066
TLC,Ooooooohhh... On The TLC Tip,1992-02-25,Conclusion,15,49000
Destiny's Child,Destiny's Child: The Untold Story Presents Girls Tyme,2026-03-06,God Bless the Child (Intro),1,74698
Destiny's Child,Destiny's Child: The Untold Story Presents Girls Tyme,2026-03-06,I Wanna Be Where You Are,2,243095
Destiny's Child,Destiny's Child: The Untold Story Presents Girls Tyme,2026-03-06,Sunshine,3,291085
Destiny's Child,Destiny's Child: The Untold Story Presents Girls Tyme,2026-03-06,Say It Ain't So,4,233964
Destiny's Child,Destiny's Child: The Untold Story Presents Girls Tyme,2026-03-06,Boy I Want You,5,220078
Destiny's Child,Destiny's Child: The Untold Story Presents Girls Tyme,2026-03-06,Girls Tyme Fun,6,228000
Destiny's Child,Destiny's Child: The Untold Story Presents Girls Tyme,2026-03-06,632-5792,7,268794
Destiny's Child,Destiny's Child: The Untold Story Presents Girls Tyme,2026-03-06,Boyfriend,8,259924
Destiny's Child,Destiny's Child: The Untold Story Presents Girls Tyme,2026-03-06,Teacher Fried My Brain,9,255233
Destiny's Child,Destiny's Child: The Untold Story Presents Girls Tyme,2026-03-06,When I Laid My Eyes On You,10,185016
Destiny's Child,Destiny's Child: The Untold Story Presents Girls Tyme,2026-03-06,In My City,11,247431
Destiny's Child,Destiny's Child: The Untold Story Presents Girls Tyme,2026-03-06,Hip House,12,201049
Destiny's Child,Destiny's Child: The Untold Story Presents Girls Tyme,2026-03-06,Blue Velvet,13,232571
Destiny's Child,Destiny's Child: The Untold Story Presents Girls Tyme,2026-03-06,Take Em 2 Another Level,14,210419
Destiny's Child,Destiny's Child: The Untold Story Presents Girls Tyme,2026-03-06,Talking 'Bout My Baby,15,205357
Destiny's Child,Destiny Fulfilled,2004-11-16,Lose My Breath,1,242013
Destiny's Child,Destiny Fulfilled,2004-11-16,Soldier (feat. T.I. & Lil' Wayne),2,325573
Destiny's Child,Destiny Fulfilled,2004-11-16,Cater 2 U,3,245400
Destiny's Child,Destiny Fulfilled,2004-11-16,T-Shirt,4,280200
Destiny's Child,Destiny Fulfilled,2004-11-16,Is She The Reason,5,286773
Destiny's Child,Destiny Fulfilled,2004-11-16,Girl,6,224146
Destiny's Child,Destiny Fulfilled,2004-11-16,Bad Habit,7,234706
Destiny's Child,Destiny Fulfilled,2004-11-16,If,8,255880
Destiny's Child,Destiny Fulfilled,2004-11-16,Free,9,291706
Destiny's Child,Destiny Fulfilled,2004-11-16,Through With Love,10,215493
Destiny's Child,Destiny Fulfilled,2004-11-16,Love,11,270146
Destiny's Child,8 Days of Christmas (Deluxe Version),2001-10-30,Home For The Holidays,1,190200
Destiny's Child,8 Days of Christmas (Deluxe Version),2001-10-30,Rudolph The Red-Nosed Reindeer - Single Version,2,151200
Destiny's Child,8 Days of Christmas (Deluxe Version),2001-10-30,8 Days of Christmas,3,209373
Destiny's Child,8 Days of Christmas (Deluxe Version),2001-10-30,Winter Paradise,4,216200
Destiny's Child,8 Days of Christmas (Deluxe Version),2001-10-30,"A ""DC"" Christmas Medley",5,239360
Destiny's Child,8 Days of Christmas (Deluxe Version),2001-10-30,Silent Night (feat. Beyoncé Knowles),6,221360
Destiny's Child,8 Days of Christmas (Deluxe Version),2001-10-30,Little Drummer Boy (feat. Solange),7,216066
Destiny's Child,8 Days of Christmas (Deluxe Version),2001-10-30,Do You Hear What I Hear? (feat. Kelly Rowland),8,227160
Destiny's Child,8 Days of Christmas (Deluxe Version),2001-10-30,White Christmas,9,103000
Destiny's Child,8 Days of Christmas (Deluxe Version),2001-10-30,Platinum Bells,10,85000
Destiny's Child,8 Days of Christmas (Deluxe Version),2001-10-30,O' Holy Night (feat. Michelle Williams),11,263666
Destiny's Child,8 Days of Christmas (Deluxe Version),2001-10-30,Spread a Little Love On Christmas Day,12,221133
Destiny's Child,8 Days of Christmas (Deluxe Version),2001-10-30,This Christmas,13,218160
Destiny's Child,8 Days of Christmas (Deluxe Version),2001-10-30,Carol of the Bells a.k.a Opera of the Bells,14,274973
Destiny's Child,Survivor,2001-05-01,"Independent Women, Pt. 1",1,221626
Destiny's Child,Survivor,2001-05-01,Survivor,2,254040
Destiny's Child,Survivor,2001-05-01,Bootylicious,3,207733
Destiny's Child,Survivor,2001-05-01,Nasty Girl,4,257826
Destiny's Child,Survivor,2001-05-01,Fancy,5,252973
Destiny's Child,Survivor,2001-05-01,Apple Pie À La Mode,6,178533
Destiny's Child,Survivor,2001-05-01,Sexy Daddy,7,246826
Destiny's Child,Survivor,2001-05-01,Perfect Man,8,221840
Destiny's Child,Survivor,2001-05-01,Independent Women Pt. II,9,225933
Destiny's Child,Survivor,2001-05-01,Happy Face,10,259866
Destiny's Child,Survivor,2001-05-01,Dance With Me,11,223960
Destiny's Child,Survivor,2001-05-01,My Heart Still Beats - Featuring Beyoncé,12,248106
Destiny's Child,Survivor,2001-05-01,Emotion,13,236400
Destiny's Child,Survivor,2001-05-01,Brown Eyes,14,276093
Destiny's Child,Survivor,2001-05-01,Dangerously In Love,15,306306
Destiny's Child,Survivor,2001-05-01,The Story Of Beauty,16,210200
Destiny's Child,Survivor,2001-05-01,Gospel Medley,17,204840
Destiny's Child,Survivor,2001-05-01,Outro (DC-3) Thank You,18,242933
Destiny's Child,The Writing's On The Wall,1999-07-27,Intro (The Writing's On The Wall),1,125466
Destiny's Child,The Writing's On The Wall,1999-07-27,So Good,2,193933
Destiny's Child,The Writing's On The Wall,1999-07-27,"Bills, Bills, Bills",3,256026
Destiny's Child,The Writing's On The Wall,1999-07-27,"Confessions (feat. Missy ""Misdemeanor"" Elliott)",4,297333
Destiny's Child,The Writing's On The Wall,1999-07-27,Bug a Boo,5,212440
Destiny's Child,The Writing's On The Wall,1999-07-27,Temptation,6,245600
Destiny's Child,The Writing's On The Wall,1999-07-27,Now That She's Gone,7,335466
Destiny's Child,The Writing's On The Wall,1999-07-27,Where'd You Go,8,255266
Destiny's Child,The Writing's On The Wall,1999-07-27,Hey Ladies,9,255933
Destiny's Child,The Writing's On The Wall,1999-07-27,If You Leave (feat. Next),10,275160
Destiny's Child,The Writing's On The Wall,1999-07-27,"Jumpin', Jumpin'",11,230200
Destiny's Child,The Writing's On The Wall,1999-07-27,Say My Name,12,271333
Destiny's Child,The Writing's On The Wall,1999-07-27,She Can't Love You,13,244866
Destiny's Child,The Writing's On The Wall,1999-07-27,Stay,14,291240
Destiny's Child,The Writing's On The Wall,1999-07-27,Sweet Sixteen,15,252733
Destiny's Child,The Writing's On The Wall,1999-07-27,Outro (Amazing Grace...dedicated to Andretta Tillman),16,158426
Destiny's Child,Destiny's Child,1998-02-17,Second Nature,1,308400
Destiny's Child,Destiny's Child,1998-02-17,"No, No, No Pt. 2 (feat. Wyclef Jean)",2,207466
Destiny's Child,Destiny's Child,1998-02-17,With Me Part I,3,206733
Destiny's Child,Destiny's Child,1998-02-17,Tell Me,4,288066
Destiny's Child,Destiny's Child,1998-02-17,Bridges,5,241840
Destiny's Child,Destiny's Child,1998-02-17,"No, No, No, Pt. 1",6,247040
Destiny's Child,Destiny's Child,1998-02-17,With Me Part II (featuring Master P),7,254333
Destiny's Child,Destiny's Child,1998-02-17,Show Me The Way,8,257666
Destiny's Child,Destiny's Child,1998-02-17,Killing Time,9,307160
Destiny's Child,Destiny's Child,1998-02-17,Illusion,10,231373
Destiny's Child,Destiny's Child,1998-02-17,Birthday,11,314800
Destiny's Child,Destiny's Child,1998-02-17,Sail On,12,243706
Destiny's Child,Destiny's Child,1998-02-17,My Time Has Come (Dedicated To Andretta Tillman),13,263106
Usher,Confessions (20th Anniversary Edition),2024-11-01,Intro,1,46883
Usher,Confessions (20th Anniversary Edition),2024-11-01,Yeah! (feat. Lil Jon & Ludacris),2,250182
Usher,Confessions (20th Anniversary Edition),2024-11-01,Throwback (feat. Jadakiss),3,287111
Usher,Confessions (20th Anniversary Edition),2024-11-01,Confessions,4,260625
Usher,Confessions (20th Anniversary Edition),2024-11-01,Confessions Part II,5,211023
Usher,Confessions (20th Anniversary Edition),2024-11-01,Burn,6,231933
Usher,Confessions (20th Anniversary Edition),2024-11-01,Caught Up,7,224814
Usher,Confessions (20th Anniversary Edition),2024-11-01,Superstar - Interlude,8,64684
Usher,Confessions (20th Anniversary Edition),2024-11-01,Superstar,9,191340
Usher,Confessions (20th Anniversary Edition),2024-11-01,Truth Hurts,10,218073
Usher,Confessions (20th Anniversary Edition),2024-11-01,Simple Things,11,280403
Usher,Confessions (20th Anniversary Edition),2024-11-01,Bad Girl,12,261861
Usher,Confessions (20th Anniversary Edition),2024-11-01,That's What It's Made For,13,277828
Usher,Confessions (20th Anniversary Edition),2024-11-01,Can U Handle It?,14,279360
Usher,Confessions (20th Anniversary Edition),2024-11-01,Do It To Me,15,213932
Usher,Confessions (20th Anniversary Edition),2024-11-01,Take Your Hand,16,165667
Usher,Confessions (20th Anniversary Edition),2024-11-01,Follow Me,17,193553
Usher,Confessions (20th Anniversary Edition),2024-11-01,My Boo,18,223219
Usher,Confessions (20th Anniversary Edition),2024-11-01,Red Light,19,288517
Usher,Confessions (20th Anniversary Edition),2024-11-01,Seduction,20,273508
Usher,Confessions (20th Anniversary Edition),2024-11-01,"Confessions Part II Remix (feat. Shyne, Twista & Kanye West)",21,268933
Usher,Confessions (20th Anniversary Edition),2024-11-01,Superstar - Orchestral Mix,22,206797
Usher,Confessions (20th Anniversary Edition),2024-11-01,Burn - Orchestral Mix,23,230926
Usher,COMING HOME (Expanded Edition),2024-02-09,Coming Home,1,195875
Usher,COMING HOME (Expanded Edition),2024-02-09,Good Good,2,247100
Usher,COMING HOME (Expanded Edition),2024-02-09,A-Town Girl,3,212575
Usher,COMING HOME (Expanded Edition),2024-02-09,Cold Blooded,4,196290
Usher,COMING HOME (Expanded Edition),2024-02-09,Kissing Strangers,5,188206
Usher,COMING HOME (Expanded Edition),2024-02-09,Keep On Dancin',6,191541
Usher,COMING HOME (Expanded Edition),2024-02-09,Risk It All - From the Original Motion Picture “The Color Purple”,7,201347
Usher,COMING HOME (Expanded Edition),2024-02-09,Bop,8,222985
Usher,COMING HOME (Expanded Edition),2024-02-09,Stone Kold Freak,9,214662
Usher,COMING HOME (Expanded Edition),2024-02-09,Ruin,10,181646
Usher,COMING HOME (Expanded Edition),2024-02-09,BIG,11,207845
Usher,COMING HOME (Expanded Edition),2024-02-09,On The Side,12,183875
Usher,COMING HOME (Expanded Edition),2024-02-09,I Am The Party,13,219463
Usher,COMING HOME (Expanded Edition),2024-02-09,I Love U,14,197740
Usher,COMING HOME (Expanded Edition),2024-02-09,Please U,15,178333
Usher,COMING HOME (Expanded Edition),2024-02-09,Luckiest Man,16,201672
Usher,COMING HOME (Expanded Edition),2024-02-09,Margiela,17,224526
Usher,COMING HOME (Expanded Edition),2024-02-09,Room In A Room,18,137917
Usher,COMING HOME (Expanded Edition),2024-02-09,One Of Them Ones,19,193532
Usher,COMING HOME (Expanded Edition),2024-02-09,Standing Next to You - USHER Remix,20,214760
Usher,COMING HOME (Expanded Edition),2024-02-09,Believe,21,211644
Usher,COMING HOME (Expanded Edition),2024-02-09,Naked,22,282422
Usher,COMING HOME,2024-02-09,Coming Home,1,195875
Usher,COMING HOME,2024-02-09,Good Good,2,247100
Usher,COMING HOME,2024-02-09,A-Town Girl,3,212575
Usher,COMING HOME,2024-02-09,Cold Blooded,4,196290
Usher,COMING HOME,2024-02-09,Kissing Strangers,5,188206
Usher,COMING HOME,2024-02-09,Keep On Dancin',6,191541
Usher,COMING HOME,2024-02-09,Risk It All - From the Original Motion Picture “The Color Purple”,7,201347
Usher,COMING HOME,2024-02-09,Bop,8,222985
Usher,COMING HOME,2024-02-09,Stone Kold Freak,9,214662
Usher,COMING HOME,2024-02-09,Ruin,10,181646
Usher,COMING HOME,2024-02-09,BIG,11,207845
Usher,COMING HOME,2024-02-09,On The Side,12,183875
Usher,COMING HOME,2024-02-09,I Am The Party,13,219463
Usher,COMING HOME,2024-02-09,I Love U,14,197740
Usher,COMING HOME,2024-02-09,Please U,15,178333
Usher,COMING HOME,2024-02-09,Luckiest Man,16,201672
Usher,COMING HOME,2024-02-09,Margiela,17,224526
Usher,COMING HOME,2024-02-09,Room In A Room,18,137917
Usher,COMING HOME,2024-02-09,One Of Them Ones,19,193532
Usher,COMING HOME,2024-02-09,Standing Next to You - USHER Remix,20,214760
Usher,My Way (25th Anniversary Edition),2022-09-16,You Make Me Wanna...,1,219400
Usher,My Way (25th Anniversary Edition),2022-09-16,Just Like Me,2,207129
Usher,My Way (25th Anniversary Edition),2022-09-16,Nice & Slow - Radio Version,3,228096
Usher,My Way (25th Anniversary Edition),2022-09-16,Slow Jam (feat. Monica),4,283131
Usher,My Way (25th Anniversary Edition),2022-09-16,My Way,5,214416
Usher,My Way (25th Anniversary Edition),2022-09-16,Come Back,6,227372
Usher,My Way (25th Anniversary Edition),2022-09-16,I Will,7,234680
Usher,My Way (25th Anniversary Edition),2022-09-16,Bedtime,8,285307
Usher,My Way (25th Anniversary Edition),2022-09-16,One Day You'll Be Mine,9,203972
Usher,My Way (25th Anniversary Edition),2022-09-16,You Make Me Wanna... - Extended Version,10,320000
Usher,My Way (25th Anniversary Edition),2022-09-16,You Make Me Wanna... - Ryan James Carr Remake,11,182028
Usher,My Way (25th Anniversary Edition),2022-09-16,Nice & Slow - Ryan James Carr Remake,12,192064
Usher,My Way (25th Anniversary Edition),2022-09-16,My Way - Ryan James Carr Remake,13,212022
Usher,My Way (25th Anniversary Edition),2022-09-16,You Make Me Wanna... - Ryan James Carr Remake - Instrumental,14,182028
Usher,My Way (25th Anniversary Edition),2022-09-16,Nice & Slow - Ryan James Carr Remake - Instrumental,15,192071
Usher,My Way (25th Anniversary Edition),2022-09-16,My Way - Ryan James Carr Remake - Instrumental,16,212002
Usher,"""A""",2018-10-12,Stay At Home (feat. Future),1,207608
Usher,"""A""",2018-10-12,ATA,2,187322
Usher,"""A""",2018-10-12,Peace Sign,3,178034
Usher,"""A""",2018-10-12,You Decide,4,212918
Usher,"""A""",2018-10-12,Birthday,5,204658
Usher,"""A""",2018-10-12,She Ain't Tell Ya,6,201862
Usher,"""A""",2018-10-12,Say What U Want,7,219380
Usher,"""A""",2018-10-12,Gift Shop (feat. Gunna),8,221454
Usher,Hard II Love,2016-09-16,Need U,1,248098
Usher,Hard II Love,2016-09-16,Missin U,2,249127
Usher,Hard II Love,2016-09-16,No Limit (feat. Young Thug),3,228606
Usher,Hard II Love,2016-09-16,Bump,4,247245
Usher,Hard II Love,2016-09-16,Let Me,5,189687
Usher,Hard II Love,2016-09-16,Downtime,6,208552
Usher,Hard II Love,2016-09-16,Crash,7,211375
Usher,Hard II Love,2016-09-16,Make U A Believer,8,246811
Usher,Hard II Love,2016-09-16,Mind Of A Man,9,53915
Usher,Hard II Love,2016-09-16,FWM,10,194905
Usher,Hard II Love,2016-09-16,Rivals (feat. Future),11,229779
Usher,Hard II Love,2016-09-16,Tell Me,12,509415
Usher,Hard II Love,2016-09-16,Hard II Love,13,202937
Usher,Hard II Love,2016-09-16,Stronger,14,240484
Usher,Hard II Love,2016-09-16,"Champions (from the Motion Picture ""Hands Of Stone"")",15,317511
Usher,Looking 4 Myself (Expanded Edition),2012-06-12,Can't Stop Won't Stop,1,230820
Usher,Looking 4 Myself (Expanded Edition),2012-06-12,Scream,2,234693
Usher,Looking 4 Myself (Expanded Edition),2012-06-12,Climax,3,232905
Usher,Looking 4 Myself (Expanded Edition),2012-06-12,I Care For U,4,247772
Usher,Looking 4 Myself (Expanded Edition),2012-06-12,Show Me,5,223124
Usher,Looking 4 Myself (Expanded Edition),2012-06-12,Lemme See (feat. Rick Ross),6,252825
Usher,Looking 4 Myself (Expanded Edition),2012-06-12,Twisted (feat. Pharrell),7,223477
Usher,Looking 4 Myself (Expanded Edition),2012-06-12,Dive,8,226570
Usher,Looking 4 Myself (Expanded Edition),2012-06-12,What Happened To U,9,261515
Usher,Looking 4 Myself (Expanded Edition),2012-06-12,Looking 4 Myself (feat. Luke Steele),10,251778
Usher,Looking 4 Myself (Expanded Edition),2012-06-12,Numb,11,225523
Usher,Looking 4 Myself (Expanded Edition),2012-06-12,Lessons For The Lover,12,307339
Usher,Looking 4 Myself (Expanded Edition),2012-06-12,Sins Of My Father,13,236475
Usher,Looking 4 Myself (Expanded Edition),2012-06-12,Euphoria,14,260448
Usher,Looking 4 Myself (Expanded Edition),2012-06-12,I.F.U.,15,242276
Usher,Looking 4 Myself (Expanded Edition),2012-06-12,Say The Words,16,241000
Usher,Looking 4 Myself (Expanded Edition),2012-06-12,2nd Round,17,201950
Usher,Looking 4 Myself (Expanded Edition),2012-06-12,Hot Thing (feat. A$AP Rocky),18,207184
Usher,Versus,2010-08-24,Love 'Em All,1,228413
Usher,Versus,2010-08-24,DJ Got Us Fallin' In Love (feat. Pitbull),2,220800
Usher,Versus,2010-08-24,Hot Tottie (feat. JAY-Z),3,299333
Usher,Versus,2010-08-24,Lay You Down,4,243800
Usher,Versus,2010-08-24,Lingerie,5,253093
Usher,Versus,2010-08-24,There Goes My Baby,6,281294
Usher,Versus,2010-08-24,Get In My Car (feat. Bun B),7,249186
Usher,Versus,2010-08-24,Somebody to Love (feat. Justin Bieber) - Remix,8,208626
Usher,Versus,2010-08-24,Stranger,9,288106
Usher,Raymond v Raymond (Expanded Edition),2010-03-30,Monstar,1,301520
Usher,Raymond v Raymond (Expanded Edition),2010-03-30,Hey Daddy (Daddy's Home),2,224093
Usher,Raymond v Raymond (Expanded Edition),2010-03-30,There Goes My Baby,3,281293
Usher,Raymond v Raymond (Expanded Edition),2010-03-30,Lil Freak (feat. Nicki Minaj),4,234253
Usher,Raymond v Raymond (Expanded Edition),2010-03-30,She Don't Know (feat. Ludacris),5,243133
Usher,Raymond v Raymond (Expanded Edition),2010-03-30,OMG (feat. will.i.am),6,269493
Usher,Raymond v Raymond (Expanded Edition),2010-03-30,Mars vs. Venus,7,262493
Usher,Raymond v Raymond (Expanded Edition),2010-03-30,Pro Lover,8,302986
Usher,Raymond v Raymond (Expanded Edition),2010-03-30,Foolin' Around,9,251120
Usher,Raymond v Raymond (Expanded Edition),2010-03-30,Papers,10,261413
Usher,Raymond v Raymond (Expanded Edition),2010-03-30,So Many Girls,11,276440
Usher,Raymond v Raymond (Expanded Edition),2010-03-30,Guilty (feat. T.I.),12,224080
Usher,Raymond v Raymond (Expanded Edition),2010-03-30,Okay,13,195133
Usher,Raymond v Raymond (Expanded Edition),2010-03-30,Making Love (Into the Night),14,216240
Usher,Raymond v Raymond (Expanded Edition),2010-03-30,Love 'Em All,15,228413
Usher,Raymond v Raymond (Expanded Edition),2010-03-30,DJ Got Us Fallin' In Love (feat. Pitbull),16,220800
Usher,Raymond v Raymond (Expanded Edition),2010-03-30,Hot Tottie (feat. JAY-Z),17,299333
Usher,Raymond v Raymond (Expanded Edition),2010-03-30,Lay You Down,18,243800
Usher,Raymond v Raymond (Expanded Edition),2010-03-30,Lingerie,19,253093
Usher,Raymond v Raymond (Expanded Edition),2010-03-30,Get In My Car (feat. Bun B),20,249186
Usher,Raymond v Raymond (Expanded Edition),2010-03-30,Somebody to Love (feat. Justin Bieber) - Remix,21,208626
Usher,Raymond v Raymond (Expanded Edition),2010-03-30,Stranger,22,288106
Usher,Here I Stand,2008-05-27,Intro,1,87973
Usher,Here I Stand,2008-05-27,Love in This Club (feat. Young Jeezy),2,259719
Usher,Here I Stand,2008-05-27,This Ain't Sex,3,264706
Usher,Here I Stand,2008-05-27,Trading Places,4,268240
Usher,Here I Stand,2008-05-27,Moving Mountains,5,298053
Usher,Here I Stand,2008-05-27,What's Your Name (feat. will.i.am),6,238079
Usher,Here I Stand,2008-05-27,Prayer for You Interlude,7,103173
Usher,Here I Stand,2008-05-27,Something Special,8,237359
Usher,Here I Stand,2008-05-27,Love You Gently,9,219400
Usher,Here I Stand,2008-05-27,Best Thing (feat. JAY-Z),10,234679
Usher,Here I Stand,2008-05-27,Before I Met You,11,296733
Usher,Here I Stand,2008-05-27,His Mistakes,12,299173
Usher,Here I Stand,2008-05-27,Appetite,13,238893
Usher,Here I Stand,2008-05-27,What's a Man to Do,14,249719
Usher,Here I Stand,2008-05-27,Lifetime,15,276759
Usher,Here I Stand,2008-05-27,"Love in This Club, Pt. II (feat. Beyoncé & Lil' Wayne)",16,309026
Usher,Here I Stand,2008-05-27,Here I Stand,17,250333
Usher,Here I Stand,2008-05-27,Will Work for Love - f/k/a Hidden Bonus Track,18,196773
Missy Elliott,The Cookbook,2005-07-04,Joy (feat. Mike Jones),1,289773
Missy Elliott,The Cookbook,2005-07-04,Partytime,2,184160
Missy Elliott,The Cookbook,2005-07-04,Irresistible Delicious (feat. Slick Rick),3,255853
Missy Elliott,The Cookbook,2005-07-04,Lose Control (feat. Ciara & Fat Man Scoop),4,226863
Missy Elliott,The Cookbook,2005-07-04,My Struggles (feat. Mary J. Blige & Grand Puba),5,172186
Missy Elliott,The Cookbook,2005-07-04,Meltdown,6,256546
Missy Elliott,The Cookbook,2005-07-04,On & On,7,285760
Missy Elliott,The Cookbook,2005-07-04,We Run This - without Manicure Interlude,8,204461
Missy Elliott,The Cookbook,2005-07-04,Remember When,9,258813
Missy Elliott,The Cookbook,2005-07-04,4 My Man (feat. Fantasia),10,252560
Missy Elliott,The Cookbook,2005-07-04,Can't Stop,11,229066
Missy Elliott,The Cookbook,2005-07-04,Teary Eyed - without Mommy Interlude,12,210959
Missy Elliott,The Cookbook,2005-07-04,Mommy - with Mommy Interlude,13,188213
Missy Elliott,The Cookbook,2005-07-04,Click Clack,14,174653
Missy Elliott,The Cookbook,2005-07-04,Time and Time Again,15,229693
Missy Elliott,The Cookbook,2005-07-04,Bad Man (feat. Vybez Cartel & M.I.A.),16,312333
Missy Elliott,This Is Not a Test!,2003-11-01,Baby Girl Interlude / Intro (feat. Mary J. Blige),1,133200
Missy Elliott,This Is Not a Test!,2003-11-01,Bomb Intro / Pass That Dutch,2,217200
Missy Elliott,This Is Not a Test!,2003-11-01,Wake Up (feat. Jay-Z),3,245133
Missy Elliott,This Is Not a Test!,2003-11-01,Keep It Movin' (feat. Elephant Man),4,219426
Missy Elliott,This Is Not a Test!,2003-11-01,Is This Our Last Time (feat. Fabolous),5,325866
Missy Elliott,This Is Not a Test!,2003-11-01,Ragtime Interlude / I'm Really Hot,6,210706
Missy Elliott,This Is Not a Test!,2003-11-01,Dats What I'm Talkin About (feat. R. Kelly),7,288533
Missy Elliott,This Is Not a Test!,2003-11-01,Don't Be Cruel (feat. Monica and Beenie Man),8,273133
Missy Elliott,This Is Not a Test!,2003-11-01,Toyz Interlude / Toyz,9,171800
Missy Elliott,This Is Not a Test!,2003-11-01,Let It Bump,10,169866
Missy Elliott,This Is Not a Test!,2003-11-01,Pump It Up (feat. Nelly),11,185426
Missy Elliott,This Is Not a Test!,2003-11-01,It's Real,12,171733
Missy Elliott,This Is Not a Test!,2003-11-01,Let Me Fix My Weave,13,238840
Missy Elliott,This Is Not a Test!,2003-11-01,Spelling Bee Interlude / Spelling Bee,14,213826
Missy Elliott,This Is Not a Test!,2003-11-01,I'm Not Perfect (feat. The Clark Sisters),15,229600
Missy Elliott,This Is Not a Test!,2003-11-01,Outro (feat. Mary J. Blige),16,79240
Missy Elliott,Under Construction,2002-11-12,Intro / Go to the Floor,1,306333
Missy Elliott,Under Construction,2002-11-12,Bring the Pain (feat. Method Man),2,179493
Missy Elliott,Under Construction,2002-11-12,Gossip Folks (feat. Ludacris),3,234893
Missy Elliott,Under Construction,2002-11-12,Work It,4,263226
Missy Elliott,Under Construction,2002-11-12,Back in the Day (feat. Jay-Z),5,295973
Missy Elliott,Under Construction,2002-11-12,Funky Fresh Dressed (feat. Ms. Jade),6,236333
Missy Elliott,Under Construction,2002-11-12,Pussycat,7,272333
Missy Elliott,Under Construction,2002-11-12,Nothing out There for Me (feat. Beyoncé Knowles),8,185560
Missy Elliott,Under Construction,2002-11-12,Slide,9,223733
Missy Elliott,Under Construction,2002-11-12,Play That Beat,10,182906
Missy Elliott,Under Construction,2002-11-12,Ain't That Funny,11,168026
Missy Elliott,Under Construction,2002-11-12,Hot,12,248533
Missy Elliott,Under Construction,2002-11-12,Can You Hear Me (feat. TLC) - Edit,13,266600
Missy Elliott,Under Construction,2002-11-12,Work It (feat. 50 Cent) - Remix,14,304560
Missy Elliott,Miss E... So Addictive,2001-05-14,"...So Addictive (Intro) [feat. Charlene ""Tweet"" Keys]",1,54066
Missy Elliott,Miss E... So Addictive,2001-05-14,Dog in Heat (feat. Redman & Method Man),2,301733
Missy Elliott,Miss E... So Addictive,2001-05-14,One Minute Man (feat. Ludacris),3,252986
Missy Elliott,Miss E... So Addictive,2001-05-14,Lick Shots,4,230826
Missy Elliott,Miss E... So Addictive,2001-05-14,Get Ur Freak On,5,211120
Missy Elliott,Miss E... So Addictive,2001-05-14,Scream a.k.a. Itchin',6,239373
Missy Elliott,Miss E... So Addictive,2001-05-14,Old School Joint,7,239680
Missy Elliott,Miss E... So Addictive,2001-05-14,Take Away (feat. Ginuwine),8,299066
Missy Elliott,Miss E... So Addictive,2001-05-14,4 My People (feat. Eve),9,289373
Missy Elliott,Miss E... So Addictive,2001-05-14,Bus-A-Bus (feat. Busta Rhymes) - Interlude,10,70706
Missy Elliott,Miss E... So Addictive,2001-05-14,Watcha Gonna Do (feat. Timbaland),11,194893
Missy Elliott,Miss E... So Addictive,2001-05-14,Step Off,12,238106
Missy Elliott,Miss E... So Addictive,2001-05-14,X-tasy,13,215333
Missy Elliott,Miss E... So Addictive,2001-05-14,Slap! Slap! Slap! (feat. Da Brat & Jade),14,245466
Missy Elliott,Miss E... So Addictive,2001-05-14,I've Changed (feat. Lil' Mo) - Interlude,15,65866
Missy Elliott,Miss E... So Addictive,2001-05-14,One Minute Man (feat. Jay-Z) - Remix,16,275600
Missy Elliott,Miss E... So Addictive,2001-05-14,Higher Ground - Prelude,17,106906
Missy Elliott,Miss E... So Addictive,2001-05-14,"Higher Ground (feat. Yolanda Adams, Kim Burrell, Dorinda Clark, Karen Clark-Sheard & Mary Mary)",18,300506
Missy Elliott,Da Real World,1999,Mysterious (Intro),1,64893
Missy Elliott,Da Real World,1999,Beat Biters,2,263506
Missy Elliott,Da Real World,1999,Busa Rhyme (feat. Eminem),3,300800
Missy Elliott,Da Real World,1999,All N My Grill (feat. Big Boi of Outkast & Nicole),4,272000
Missy Elliott,Da Real World,1999,Dangerous Mouths,5,208800
Missy Elliott,Da Real World,1999,Hot Boyz,6,215466
Missy Elliott,Da Real World,1999,You Don't Know,7,288253
Missy Elliott,Da Real World,1999,Mr. DJ,8,270040
Missy Elliott,Da Real World,1999,Checkin' for You,9,128840
Missy Elliott,Da Real World,1999,Stickin' Chickens,10,294760
Missy Elliott,Da Real World,1999,Smooth Chick,11,257973
Missy Elliott,Da Real World,1999,We Did It,12,231026
Missy Elliott,Da Real World,1999,Throw Up Your Hands (Interlude),13,78066
Missy Elliott,Da Real World,1999,She's a Bitch,14,240880
Missy Elliott,Da Real World,1999,U Can't Resist (feat. Juvenile & B.G.),15,276600
Missy Elliott,Da Real World,1999,Crazy Feelings,16,274466
Missy Elliott,Da Real World,1999,Religious Blessings - Outro,17,39200
Missy Elliott,Supa Dupa Fly,1997,Busta's Intro (feat. Busta Rhymes),1,113600
Missy Elliott,Supa Dupa Fly,1997,Hit 'Em wit da Hee (feat. Lil' Kim),2,259973
Missy Elliott,Supa Dupa Fly,1997,Sock It 2 Me (feat. Da Brat),3,257466
Missy Elliott,Supa Dupa Fly,1997,The Rain (Supa Dupa Fly),4,251000
Missy Elliott,Supa Dupa Fly,1997,Beep Me 911 (feat. 702 & Magoo),5,297600
Missy Elliott,Supa Dupa Fly,1997,They Don't Wanna Fuck wit Me (feat. Timbaland),6,198226
Missy Elliott,Supa Dupa Fly,1997,Pass da Blunt (feat. Timbaland),7,197866
Missy Elliott,Supa Dupa Fly,1997,Bite Our Style (Interlude),8,43866
Missy Elliott,Supa Dupa Fly,1997,Friendly Skies (feat. Ginuwine),9,299866
Missy Elliott,Supa Dupa Fly,1997,Best Friends (feat. Aaliyah),10,247173
Missy Elliott,Supa Dupa Fly,1997,Don't Be Comin' (In My Face),11,251426
Missy Elliott,Supa Dupa Fly,1997,Izzy Izzy Ahh,12,234000
Missy Elliott,Supa Dupa Fly,1997,Why You Hurt Me,13,271173
Missy Elliott,Supa Dupa Fly,1997,I'm Talkin',14,302333
Missy Elliott,Supa Dupa Fly,1997,Gettaway (feat. Space & Nicole),15,265493
Missy Elliott,Supa Dupa Fly,1997,Busta's Outro (feat. Busta Rhymes),16,98200
Missy Elliott,Supa Dupa Fly,1997,Missy's Finale - Spoken Word,17,24373
Brandy,Christmas With Brandy,2023-11-10,Feels Different,1,176361
Brandy,Christmas With Brandy,2023-11-10,Somebody's Waiting,2,181720
Brandy,Christmas With Brandy,2023-11-10,Christmas Party for Two,3,234481
Brandy,Christmas With Brandy,2023-11-10,Have Yourself a Merry Little Christmas,4,212755
Brandy,Christmas With Brandy,2023-11-10,Santa Baby,5,211004
Brandy,Christmas With Brandy,2023-11-10,Christmas Gift (feat. Sy'Rai),6,252117
Brandy,Christmas With Brandy,2023-11-10,Shine Out Your Light,7,157883
Brandy,Christmas With Brandy,2023-11-10,The Christmas Song,8,190799
Brandy,Christmas With Brandy,2023-11-10,Someday At Christmas,9,176156
Brandy,Christmas With Brandy,2023-11-10,Jingle Bells,10,170807
Brandy,Christmas With Brandy,2023-11-10,Deck The Halls,11,148751
Brandy,Christmas With Brandy,2023-11-10,Christmas Everyday,12,206851
Brandy,b7,2020-07-31,Saving All My Love,1,282821
Brandy,b7,2020-07-31,Unconditional Oceans,2,232635
Brandy,b7,2020-07-31,Rather Be,3,170068
Brandy,b7,2020-07-31,"All My Life, Pt. 1",4,40896
Brandy,b7,2020-07-31,Lucid Dreams,5,221492
Brandy,b7,2020-07-31,Borderline,6,312459
Brandy,b7,2020-07-31,No Tomorrow,7,181842
Brandy,b7,2020-07-31,Say Something,8,184092
Brandy,b7,2020-07-31,"All My Life, Pt. 2",9,40496
Brandy,b7,2020-07-31,I Am More,10,195791
Brandy,b7,2020-07-31,High Heels,11,158278
Brandy,b7,2020-07-31,Baby Mama,12,194916
Brandy,b7,2020-07-31,"All My Life, Pt. 3",13,39176
Brandy,b7,2020-07-31,Love Again,14,214277
Brandy,b7,2020-07-31,Bye BiPolar,15,287000
Brandy,Two Eleven (Deluxe Version),2012-10-15,Intro,1,57226
Brandy,Two Eleven (Deluxe Version),2012-10-15,Wildest Dreams,2,265986
Brandy,Two Eleven (Deluxe Version),2012-10-15,So Sick,3,271280
Brandy,Two Eleven (Deluxe Version),2012-10-15,Slower,4,177160
Brandy,Two Eleven (Deluxe Version),2012-10-15,No Such Thing As Too Late,5,241666
Brandy,Two Eleven (Deluxe Version),2012-10-15,Let Me Go,6,197280
Brandy,Two Eleven (Deluxe Version),2012-10-15,Without You,7,252866
Brandy,Two Eleven (Deluxe Version),2012-10-15,Put It Down (feat. Chris Brown),8,246213
Brandy,Two Eleven (Deluxe Version),2012-10-15,Hardly Breathing,9,235213
Brandy,Two Eleven (Deluxe Version),2012-10-15,Do You Know What You Have,10,208720
Brandy,Two Eleven (Deluxe Version),2012-10-15,Scared Of Beautiful,11,226360
Brandy,Two Eleven (Deluxe Version),2012-10-15,Wish Your Love Away,12,199600
Brandy,Two Eleven (Deluxe Version),2012-10-15,Paint This House,13,239160
Brandy,Two Eleven (Deluxe Version),2012-10-15,Can You Hear Me Now,14,300920
Brandy,Two Eleven (Deluxe Version),2012-10-15,Music,15,259453
Brandy,Two Eleven (Deluxe Version),2012-10-15,What You Need,16,188720
Brandy,Two Eleven (Deluxe Version),2012-10-15,Outro,17,57293
Brandy,A Family Business,2011-07-26,Family Business,1,281586
Brandy,A Family Business,2011-07-26,Turnin' Me On,2,197733
Brandy,A Family Business,2011-07-26,Talk To Me,3,292120
Brandy,A Family Business,2011-07-26,My Family,4,202773
Brandy,A Family Business,2011-07-26,Lifeguard,5,239826
Brandy,A Family Business,2011-07-26,Ready to Roll (feat. TKO),6,256133
Brandy,A Family Business,2011-07-26,"Sonja, Sonya, Sonia",7,179546
Brandy,A Family Business,2011-07-26,Gone,8,263186
Brandy,A Family Business,2011-07-26,I Don't Care,9,199613
Brandy,A Family Business,2011-07-26,Home Grown,10,277960
Brandy,A Family Business,2011-07-26,Epilogue,11,61453
Brandy,Human,2008-12-09,Human Intro,1,19600
Brandy,Human,2008-12-09,The Definition,2,222906
Brandy,Human,2008-12-09,Warm It Up (With Love),3,239120
Brandy,Human,2008-12-09,Right Here (Departed),4,218146
Brandy,Human,2008-12-09,Piano Man,5,235720
Brandy,Human,2008-12-09,Long Distance Interlude,6,60066
Brandy,Human,2008-12-09,Long Distance,7,228693
Brandy,Human,2008-12-09,Camouflage,8,241906
Brandy,Human,2008-12-09,Torn Down,9,205240
Brandy,Human,2008-12-09,Human,10,230720
Brandy,Human,2008-12-09,Shattered Heart,11,229360
Brandy,Human,2008-12-09,True,12,221813
Brandy,Human,2008-12-09,A Capella (Something's Missing),13,211280
Brandy,Human,2008-12-09,1st & Love,14,200320
Brandy,Human,2008-12-09,Fall,15,263760
Brandy,Human,2008-12-09,Gonna Find My Love,16,210066
Brandy,Afrodisiac,2004,Who I Am,1,215693
Brandy,Afrodisiac,2004,Afrodisiac,2,228320
Brandy,Afrodisiac,2004,Who Is She 2 U - Recall Version,3,283280
Brandy,Afrodisiac,2004,Talk About Our Love (feat. Kanye West),4,214960
Brandy,Afrodisiac,2004,I Tried,5,285093
Brandy,Afrodisiac,2004,Where You Wanna Be,6,212626
Brandy,Afrodisiac,2004,Focus,7,247106
Brandy,Afrodisiac,2004,Sadiddy,8,240186
Brandy,Afrodisiac,2004,Turn It Up,9,252853
Brandy,Afrodisiac,2004,Necessary,10,239773
Brandy,Afrodisiac,2004,Say You Will,11,230506
Brandy,Afrodisiac,2004,Come as You Are,12,224413
Brandy,Afrodisiac,2004,Finally,13,233520
Brandy,Afrodisiac,2004,How I Feel,14,281280
Brandy,Afrodisiac,2004,Should I Go,15,297840
Brandy,Full Moon,2002-03-05,B Rocka Intro,1,79760
Brandy,Full Moon,2002-03-05,Full Moon,2,248933
Brandy,Full Moon,2002-03-05,I Thought,3,269666
Brandy,Full Moon,2002-03-05,When You Touch Me,4,342973
Brandy,Full Moon,2002-03-05,Like This,5,272626
Brandy,Full Moon,2002-03-05,All in Me,6,240066
Brandy,Full Moon,2002-03-05,Apart,7,267573
Brandy,Full Moon,2002-03-05,Can We,8,283560
Brandy,Full Moon,2002-03-05,What About Us?,9,253453
Brandy,Full Moon,2002-03-05,Anybody,10,295573
Brandy,Full Moon,2002-03-05,Nothing,11,288560
Brandy,Full Moon,2002-03-05,It's Not Worth It,12,263000
Brandy,Full Moon,2002-03-05,He Is,13,261133
Brandy,Full Moon,2002-03-05,Come a Little Closer,14,272266
Brandy,Full Moon,2002-03-05,Love Wouldn't Count Me Out,15,259306
Brandy,Full Moon,2002-03-05,WOW,16,252866
Brandy,Full Moon,2002-03-05,Another Day in Paradise - R&B-Version,17,271626
Brandy,Full Moon,2002-03-05,Full Moon - Cutfather & Joe Remix; Main,18,233986
Brandy,Never Say Never,1998-06-09,Intro,1,48973
Brandy,Never Say Never,1998-06-09,Angel in Disguise,2,288266
Brandy,Never Say Never,1998-06-09,The Boy Is Mine,3,294786
Brandy,Never Say Never,1998-06-09,Learn the Hard Way,4,290893
Brandy,Never Say Never,1998-06-09,Almost Doesn't Count,5,218466
Brandy,Never Say Never,1998-06-09,Top of the World (feat. Ma$e),6,281506
Brandy,Never Say Never,1998-06-09,U Don't Know Me (Like U Used To),7,267960
Brandy,Never Say Never,1998-06-09,Never Say Never,8,309466
Brandy,Never Say Never,1998-06-09,Truthfully,9,298760
Brandy,Never Say Never,1998-06-09,Have You Ever,10,273440
Brandy,Never Say Never,1998-06-09,Put That on Everything,11,290866
Brandy,Never Say Never,1998-06-09,In the Car Interlude,12,68133
Brandy,Never Say Never,1998-06-09,Happy,13,246200
Brandy,Never Say Never,1998-06-09,One Voice,14,248133
Brandy,Never Say Never,1998-06-09,Tomorrow,15,319493
Brandy,Never Say Never,1998-06-09,(Everything I Do) I Do It for You,16,250000
Brandy,Brandy,1994,Movin' On,1,267733
Brandy,Brandy,1994,Baby,2,313293
Brandy,Brandy,1994,Best Friend,3,288840
Brandy,Brandy,1994,I Wanna Be Down,4,291666
Brandy,Brandy,1994,I Dedicate (Pt. 1),5,89066
Brandy,Brandy,1994,Brokenhearted,6,352733
Brandy,Brandy,1994,I'm Yours,7,242173
Brandy,Brandy,1994,Sunny Day,8,269733
Brandy,Brandy,1994,As Long as You're Here,9,285666
Brandy,Brandy,1994,Always on My Mind,10,246266
Brandy,Brandy,1994,I Dedicate (Pt. 2),11,55360
Brandy,Brandy,1994,Love Is on My Side,12,310000
Brandy,Brandy,1994,Give Me You,13,266000
Brandy,Brandy,1994,I Dedicate (Pt. 3),14,61866
Mary J. Blige,Gratitude,2024-11-15,Breathing (feat. Fabolous),1,208600
Mary J. Blige,Gratitude,2024-11-15,Need You More (feat. Jadakiss),2,247066
Mary J. Blige,Gratitude,2024-11-15,Beautiful People,3,189706
Mary J. Blige,Gratitude,2024-11-15,You Ain't The Only One,4,168106
Mary J. Blige,Gratitude,2024-11-15,Never Give Up On Me,5,197000
Mary J. Blige,Gratitude,2024-11-15,Nobody But You,6,187640
Mary J. Blige,Gratitude,2024-11-15,Here I Am,7,173160
Mary J. Blige,Gratitude,2024-11-15,Don’t Fuck Up,8,174520
Mary J. Blige,Gratitude,2024-11-15,Superpowers,9,172173
Mary J. Blige,Gratitude,2024-11-15,Can’t Wait For You,10,211120
Mary J. Blige,Gratitude,2024-11-15,God's Child (feat. Fat Joe),11,255480
Mary J. Blige,Gratitude,2024-11-15,I Got Plans (feat. A$AP Ferg),12,299288
Mary J. Blige,A Mary Christmas (Anniversary Edition),2023-10-06,Little Drummer Boy,1,250929
Mary J. Blige,A Mary Christmas (Anniversary Edition),2023-10-06,Have Yourself A Merry Little Christmas,2,279463
Mary J. Blige,A Mary Christmas (Anniversary Edition),2023-10-06,My Favorite Things,3,232859
Mary J. Blige,A Mary Christmas (Anniversary Edition),2023-10-06,This Christmas,4,201372
Mary J. Blige,A Mary Christmas (Anniversary Edition),2023-10-06,The Christmas Song (Chestnuts Roasting On An Open Fire),5,236070
Mary J. Blige,A Mary Christmas (Anniversary Edition),2023-10-06,"Rudolph, The Red-Nosed Reindeer",6,150025
Mary J. Blige,A Mary Christmas (Anniversary Edition),2023-10-06,When You Wish Upon A Star,7,224588
Mary J. Blige,A Mary Christmas (Anniversary Edition),2023-10-06,"Mary, Did You Know",8,230651
Mary J. Blige,A Mary Christmas (Anniversary Edition),2023-10-06,Do You Hear What I Hear?,9,262149
Mary J. Blige,A Mary Christmas (Anniversary Edition),2023-10-06,Petit Papa Noël,10,240394
Mary J. Blige,A Mary Christmas (Anniversary Edition),2023-10-06,The First Noel,11,266662
Mary J. Blige,A Mary Christmas (Anniversary Edition),2023-10-06,Noche De Paz (Silent Night),12,208920
Mary J. Blige,A Mary Christmas (Anniversary Edition),2023-10-06,Winter Wonderland,13,168120
Mary J. Blige,A Mary Christmas (Anniversary Edition),2023-10-06,Silent Night,14,250813
Mary J. Blige,A Mary Christmas (Anniversary Edition),2023-10-06,O Holy Night,15,236592
Mary J. Blige,A Mary Christmas (Anniversary Edition),2023-10-06,Do You Hear What I Hear? - Solo Version,16,261008
Mary J. Blige,Good Morning Gorgeous (Deluxe),2022-05-06,No Idea,1,136596
Mary J. Blige,Good Morning Gorgeous (Deluxe),2022-05-06,Love Will Never,2,209222
Mary J. Blige,Good Morning Gorgeous (Deluxe),2022-05-06,Here With Me (feat. Anderson .Paak),3,139630
Mary J. Blige,Good Morning Gorgeous (Deluxe),2022-05-06,Rent Money (feat. Dave East),4,229884
Mary J. Blige,Good Morning Gorgeous (Deluxe),2022-05-06,Gone Forever (feat. Remy Ma & DJ Khaled),5,182349
Mary J. Blige,Good Morning Gorgeous (Deluxe),2022-05-06,Amazing (feat. DJ Khaled),6,159305
Mary J. Blige,Good Morning Gorgeous (Deluxe),2022-05-06,GMG Interlude,7,71820
Mary J. Blige,Good Morning Gorgeous (Deluxe),2022-05-06,Good Morning Gorgeous,8,174530
Mary J. Blige,Good Morning Gorgeous (Deluxe),2022-05-06,Come See About Me,9,208204
Mary J. Blige,Good Morning Gorgeous (Deluxe),2022-05-06,On Top (feat. Fivio Foreign),10,167431
Mary J. Blige,Good Morning Gorgeous (Deluxe),2022-05-06,Tough Love (feat. Moneybagg Yo),11,273793
Mary J. Blige,Good Morning Gorgeous (Deluxe),2022-05-06,Love Without the Heartbreak,12,228249
Mary J. Blige,Good Morning Gorgeous (Deluxe),2022-05-06,Failing in Love,13,198051
Mary J. Blige,Good Morning Gorgeous (Deluxe),2022-05-06,Enough,14,185603
Mary J. Blige,Good Morning Gorgeous (Deluxe),2022-05-06,Need Love (feat. Usher),15,184743
Mary J. Blige,Good Morning Gorgeous (Deluxe),2022-05-06,Running (feat. Ne-Yo),16,258895
Mary J. Blige,Good Morning Gorgeous (Deluxe),2022-05-06,Good Morning Gorgeous (feat. H.E.R.),17,174636
Mary J. Blige,Good Morning Gorgeous (Deluxe),2022-05-06,Rent Money (feat. Jadakiss & Griselda),18,250556
Mary J. Blige,Good Morning Gorgeous (Deluxe),2022-05-06,Come See About Me (feat. Fabolous),19,264845
Mary J. Blige,Good Morning Gorgeous,2022-02-11,No Idea,1,136596
Mary J. Blige,Good Morning Gorgeous,2022-02-11,Love Will Never,2,209222
Mary J. Blige,Good Morning Gorgeous,2022-02-11,Here With Me (feat. Anderson .Paak),3,139630
Mary J. Blige,Good Morning Gorgeous,2022-02-11,Rent Money (feat. Dave East),4,229884
Mary J. Blige,Good Morning Gorgeous,2022-02-11,Amazing (feat. DJ Khaled),5,159305
Mary J. Blige,Good Morning Gorgeous,2022-02-11,GMG Interlude,6,71820
Mary J. Blige,Good Morning Gorgeous,2022-02-11,Good Morning Gorgeous,7,174530
Mary J. Blige,Good Morning Gorgeous,2022-02-11,Come See About Me,8,208204
Mary J. Blige,Good Morning Gorgeous,2022-02-11,On Top (feat. Fivio Foreign),9,167431
Mary J. Blige,Good Morning Gorgeous,2022-02-11,Love Without the Heartbreak,10,228249
Mary J. Blige,Good Morning Gorgeous,2022-02-11,Failing in Love,11,198051
Mary J. Blige,Good Morning Gorgeous,2022-02-11,Enough,12,185603
Mary J. Blige,Good Morning Gorgeous,2022-02-11,Need Love (feat. Usher),13,184743
Mary J. Blige,My Life (Deluxe / Commentary Edition),2020-11-11,Intro - Commentary,1,29305
Mary J. Blige,My Life (Deluxe / Commentary Edition),2020-11-11,Intro / Mary J. Blige / My Life,2,64102
Mary J. Blige,My Life (Deluxe / Commentary Edition),2020-11-11,Mary Jane (All Night Long) - Commentary,3,73487
Mary J. Blige,My Life (Deluxe / Commentary Edition),2020-11-11,Mary Jane (All Night Long),4,277082
Mary J. Blige,My Life (Deluxe / Commentary Edition),2020-11-11,You Bring Me Joy - Commentary,5,86046
Mary J. Blige,My Life (Deluxe / Commentary Edition),2020-11-11,You Bring Me Joy,6,253626
Mary J. Blige,My Life (Deluxe / Commentary Edition),2020-11-11,Marvin Interlude - Commentary,7,53985
Mary J. Blige,My Life (Deluxe / Commentary Edition),2020-11-11,Marvin Interlude,8,36040
Mary J. Blige,My Life (Deluxe / Commentary Edition),2020-11-11,I'm The Only Woman - Commentary,9,132504
Mary J. Blige,My Life (Deluxe / Commentary Edition),2020-11-11,I'm The Only Woman,10,270200
Mary J. Blige,My Life (Deluxe / Commentary Edition),2020-11-11,K. Murray Interlude - Commentary,11,27848
Mary J. Blige,My Life (Deluxe / Commentary Edition),2020-11-11,K. Murray Interlude,12,22866
Mary J. Blige,My Life (Deluxe / Commentary Edition),2020-11-11,My Life - Commentary,13,180441
Mary J. Blige,My Life (Deluxe / Commentary Edition),2020-11-11,My Life,14,257426
Mary J. Blige,My Life (Deluxe / Commentary Edition),2020-11-11,You Gotta Believe - Commentary,15,62065
Mary J. Blige,My Life (Deluxe / Commentary Edition),2020-11-11,You Gotta Believe,16,300624
Mary J. Blige,My Life (Deluxe / Commentary Edition),2020-11-11,I Never Wanna Live Without You - Commentary,17,71603
Mary J. Blige,My Life (Deluxe / Commentary Edition),2020-11-11,I Never Wanna Live Without You,18,374353
Mary J. Blige,My Life (Deluxe / Commentary Edition),2020-11-11,I'm Goin' Down - Commentary,19,88743
Mary J. Blige,My Life (Deluxe / Commentary Edition),2020-11-11,I'm Goin' Down,20,222333
Mary J. Blige,My Life (Deluxe / Commentary Edition),2020-11-11,My Life Interlude - Commentary,21,66411
Mary J. Blige,My Life (Deluxe / Commentary Edition),2020-11-11,My Life Interlude,22,75466
Mary J. Blige,My Life (Deluxe / Commentary Edition),2020-11-11,Be With You - Commentary,23,73165
Mary J. Blige,My Life (Deluxe / Commentary Edition),2020-11-11,Be With You,24,266426
Mary J. Blige,My Life (Deluxe / Commentary Edition),2020-11-11,Mary's Joint - Commentary,25,87228
Mary J. Blige,My Life (Deluxe / Commentary Edition),2020-11-11,Mary's Joint,26,300501
Mary J. Blige,My Life (Deluxe / Commentary Edition),2020-11-11,Don't Go - Commentary,27,116670
Mary J. Blige,My Life (Deluxe / Commentary Edition),2020-11-11,Don't Go,28,299401
Mary J. Blige,My Life (Deluxe / Commentary Edition),2020-11-11,I Love You - Commentary,29,95002
Mary J. Blige,My Life (Deluxe / Commentary Edition),2020-11-11,I Love You,30,271226
Mary J. Blige,My Life (Deluxe / Commentary Edition),2020-11-11,No One Else - Commentary,31,28693
Mary J. Blige,My Life (Deluxe / Commentary Edition),2020-11-11,No One Else,32,254973
Mary J. Blige,My Life (Deluxe / Commentary Edition),2020-11-11,Be Happy - Commentary,33,51550
Mary J. Blige,My Life (Deluxe / Commentary Edition),2020-11-11,Be Happy,34,349560
Mary J. Blige,My Life (Deluxe / Commentary Edition),2020-11-11,Mary Jane (All Night Long) - Remix,35,331066
Mary J. Blige,My Life (Deluxe / Commentary Edition),2020-11-11,I'm Goin' Down - Remix,36,230066
Mary J. Blige,My Life (Deluxe / Commentary Edition),2020-11-11,I Love You - Remix,37,363693
Mary J. Blige,My Life (Deluxe / Commentary Edition),2020-11-11,Be Happy - Bad Boy Butter Remix,38,284133
Mary J. Blige,My Life (Deluxe / Commentary Edition),2020-11-11,Be Happy - Ron G Remix,39,222173
Mary J. Blige,My Life (Deluxe / Commentary Edition),2020-11-11,(You Make Me Feel Like A) Natural Woman,40,180866
Mary J. Blige,Strength Of A Woman,2017-04-28,Love Yourself,1,298573
Mary J. Blige,Strength Of A Woman,2017-04-28,Thick Of It,2,241920
Mary J. Blige,Strength Of A Woman,2017-04-28,Set Me Free,3,209520
Mary J. Blige,Strength Of A Woman,2017-04-28,It's Me,4,270893
Mary J. Blige,Strength Of A Woman,2017-04-28,Glow Up,5,246786
Mary J. Blige,Strength Of A Woman,2017-04-28,U + Me (Love Lesson),6,296800
Mary J. Blige,Strength Of A Woman,2017-04-28,Indestructible,7,283786
Mary J. Blige,Strength Of A Woman,2017-04-28,Thank You,8,245320
Mary J. Blige,Strength Of A Woman,2017-04-28,Survivor,9,284640
Mary J. Blige,Strength Of A Woman,2017-04-28,Find The Love,10,203773
Mary J. Blige,Strength Of A Woman,2017-04-28,Smile,11,222013
Mary J. Blige,Strength Of A Woman,2017-04-28,Telling The Truth,12,237080
Mary J. Blige,Strength Of A Woman,2017-04-28,Strength Of A Woman,13,229146
Mary J. Blige,Strength Of A Woman,2017-04-28,Hello Father,14,199146
Mary J. Blige,The London Sessions,2014-11-28,Therapy,1,202726
Mary J. Blige,The London Sessions,2014-11-28,Doubt,2,239010
Mary J. Blige,The London Sessions,2014-11-28,Not Loving You,3,206774
Mary J. Blige,The London Sessions,2014-11-28,When You're Gone,4,204016
Mary J. Blige,The London Sessions,2014-11-28,Right Now,5,229205
Mary J. Blige,The London Sessions,2014-11-28,My Loving,6,265963
Mary J. Blige,The London Sessions,2014-11-28,Long Hard Look,7,216321
Mary J. Blige,The London Sessions,2014-11-28,Whole Damn Year,8,251809
Mary J. Blige,The London Sessions,2014-11-28,Nobody But You,9,278726
Mary J. Blige,The London Sessions,2014-11-28,Pick Me Up,10,187132
Mary J. Blige,The London Sessions,2014-11-28,Follow,11,248173
Mary J. Blige,The London Sessions,2014-11-28,Worth My Time,12,208351
Mary J. Blige,Think Like a Man Too (Music from and Inspired by the Film),2014-06-13,A Night to Remember,1,254346
Mary J. Blige,Think Like a Man Too (Music from and Inspired by the Film),2014-06-13,Vegas Nights (feat. The-Dream),2,185626
Mary J. Blige,Think Like a Man Too (Music from and Inspired by the Film),2014-06-13,Moment of Love,3,247266
Mary J. Blige,Think Like a Man Too (Music from and Inspired by the Film),2014-06-13,See That Boy Again (feat. Pharrell Williams),4,253013
Mary J. Blige,Think Like a Man Too (Music from and Inspired by the Film),2014-06-13,Wonderful,5,211720
Mary J. Blige,Think Like a Man Too (Music from and Inspired by the Film),2014-06-13,Kiss and Make Up,6,211280
Mary J. Blige,Think Like a Man Too (Music from and Inspired by the Film),2014-06-13,Cargo,7,182400
Mary J. Blige,Think Like a Man Too (Music from and Inspired by the Film),2014-06-13,Suitcase,8,228013
Mary J. Blige,Think Like a Man Too (Music from and Inspired by the Film),2014-06-13,I Want You,9,375413
Mary J. Blige,Think Like a Man Too (Music from and Inspired by the Film),2014-06-13,Self Love,10,223440
Mary J. Blige,Think Like a Man Too (Music from and Inspired by the Film),2014-06-13,Power Back,11,236106
Mary J. Blige,Think Like a Man Too (Music from and Inspired by the Film),2014-06-13,All Fun and Games,12,285706
Mary J. Blige,Think Like a Man Too (Music from and Inspired by the Film),2014-06-13,Better,13,246373
Mary J. Blige,Think Like a Man Too (Music from and Inspired by the Film),2014-06-13,Propose,14,261293
Mary J. Blige,A Mary Christmas,2013-01-01,Little Drummer Boy,1,249133
Mary J. Blige,A Mary Christmas,2013-01-01,Have Yourself A Merry Little Christmas,2,277680
Mary J. Blige,A Mary Christmas,2013-01-01,My Favorite Things,3,231133
Mary J. Blige,A Mary Christmas,2013-01-01,This Christmas,4,198853
Mary J. Blige,A Mary Christmas,2013-01-01,The Christmas Song (Chestnuts Roasting On An Open Fire),5,233786
Mary J. Blige,A Mary Christmas,2013-01-01,"Rudolph, The Red-Nosed Reindeer",6,147413
Mary J. Blige,A Mary Christmas,2013-01-01,When You Wish Upon A Star,7,222666
Mary J. Blige,A Mary Christmas,2013-01-01,"Mary, Did You Know",8,228773
Mary J. Blige,A Mary Christmas,2013-01-01,Do You Hear What I Hear?,9,259746
Mary J. Blige,A Mary Christmas,2013-01-01,Petit Papa Noël,10,237626
Mary J. Blige,A Mary Christmas,2013-01-01,The First Noel,11,264186
Mary J. Blige,A Mary Christmas,2013-01-01,Noche De Paz (Silent Night),12,208000
Mary J. Blige,My Life II...The Journey Continues (Act 1) [Deluxe],2011-01-01,Intro / My Life II...The Journey Continues / Mary J. Blige,1,76186
Mary J. Blige,My Life II...The Journey Continues (Act 1) [Deluxe],2011-01-01,Feel Inside,2,307693
Mary J. Blige,My Life II...The Journey Continues (Act 1) [Deluxe],2011-01-01,Midnight Drive,3,252026
Mary J. Blige,My Life II...The Journey Continues (Act 1) [Deluxe],2011-01-01,Next Level,4,253253
Mary J. Blige,My Life II...The Journey Continues (Act 1) [Deluxe],2011-01-01,Ain't Nobody,5,243440
Mary J. Blige,My Life II...The Journey Continues (Act 1) [Deluxe],2011-01-01,25/8,6,235560
Mary J. Blige,My Life II...The Journey Continues (Act 1) [Deluxe],2011-01-01,Don't Mind,7,237293
Mary J. Blige,My Life II...The Journey Continues (Act 1) [Deluxe],2011-01-01,No Condition,8,267000
Mary J. Blige,My Life II...The Journey Continues (Act 1) [Deluxe],2011-01-01,Mr. Wrong,9,241853
Mary J. Blige,My Life II...The Journey Continues (Act 1) [Deluxe],2011-01-01,Why,10,261573
Mary J. Blige,My Life II...The Journey Continues (Act 1) [Deluxe],2011-01-01,Love A Woman,11,271213
Mary J. Blige,My Life II...The Journey Continues (Act 1) [Deluxe],2011-01-01,Irreversible,12,233440
Mary J. Blige,My Life II...The Journey Continues (Act 1) [Deluxe],2011-01-01,Empty Prayers,13,195053
Mary J. Blige,My Life II...The Journey Continues (Act 1) [Deluxe],2011-01-01,Need Someone,14,234640
Mary J. Blige,My Life II...The Journey Continues (Act 1) [Deluxe],2011-01-01,The Living Proof,15,351520
Mary J. Blige,My Life II...The Journey Continues (Act 1) [Deluxe],2011-01-01,Miss Me With That,16,254800
Mary J. Blige,My Life II...The Journey Continues (Act 1) [Deluxe],2011-01-01,Someone To Love Me (Naked),17,212506
